transaction_id,ngo_id,amount,days_since_donation,ngo_avg_verification_time,ngo_pending_ratio,is_round_number,hour_of_day,is_anomalous,reason
T00001,NGO001,14345.85,5.3,50.4,0.29,False,11,0,
T00002,NGO001,21991.43,4.29,42.89,0.19,False,15,0,
T00003,NGO001,9348.24,6.94,42.93,0.23,False,17,0,
T00004,NGO001,14412.09,13.68,46.84,0.27,False,11,0,
T00005,NGO001,11726.99,5.12,43.85,0.33,False,12,0,
T00006,NGO001,9120.31,5.31,178.22,0.23,False,16,1,Unusually slow bill verification for this NGO (178h)
T00007,NGO001,4924.2,2.87,46.18,0.28,False,15,0,
T00008,NGO001,5942.46,6.79,50.58,0.28,False,13,0,
T00009,NGO001,9660.83,2.86,40.03,0.23,False,14,0,
T00010,NGO001,9910.04,8.1,46.18,0.29,False,13,0,
T00011,NGO001,9966.81,5.66,50.07,0.24,False,15,0,
T00012,NGO001,42175.05,0.13,48.87,0.24,False,15,0,
T00013,NGO001,15021.03,3.1,46.11,0.27,False,20,0,
T00014,NGO001,9285.41,6.89,42.57,0.23,False,13,0,
T00015,NGO001,39839.19,8.47,46.54,0.3,False,11,0,
T00016,NGO001,13713.13,4.76,41.46,0.26,False,15,0,
T00017,NGO001,24300.34,5.23,48.21,0.23,False,10,0,
T00018,NGO001,12349.2,11.84,45.2,0.24,False,10,0,
T00019,NGO001,19258.88,1.62,43.67,0.27,False,10,0,
T00020,NGO001,10379.94,3.73,47.03,0.27,False,14,0,
T00021,NGO001,15000.0,1.72,46.67,0.33,True,18,1,"Round-number amount, possible structuring"
T00022,NGO001,5614.17,8.18,43.8,0.28,False,12,0,
T00023,NGO001,21629.93,7.63,45.74,0.23,False,15,0,
T00024,NGO001,20688.21,8.15,42.8,0.25,False,16,0,
T00025,NGO001,15079.56,7.85,49.41,0.27,False,16,0,
T00026,NGO001,26379.02,11.62,46.85,0.25,False,11,0,
T00027,NGO001,6369.07,6.36,48.66,0.27,False,11,0,
T00028,NGO001,10243.13,6.33,45.98,0.3,False,12,0,
T00029,NGO001,26100.21,11.37,47.36,0.26,False,12,0,
T00030,NGO001,5630.69,5.99,44.51,0.26,False,9,0,
T00031,NGO001,9624.41,9.31,47.56,0.36,False,9,0,
T00032,NGO001,24251.0,5.97,46.9,0.27,False,15,0,
T00033,NGO001,34559.52,9.52,44.54,0.28,False,21,0,
T00034,NGO001,16040.1,0.65,44.93,0.28,False,14,0,
T00035,NGO001,22773.92,0.17,46.67,0.27,False,12,0,
T00036,NGO001,12564.22,5.67,40.41,0.23,False,8,0,
T00037,NGO001,23139.86,2.76,41.74,0.25,False,9,0,
T00038,NGO001,8512.82,7.26,43.47,0.22,False,14,0,
T00039,NGO001,23417.49,1.69,42.11,0.28,False,12,0,
T00040,NGO001,11181.92,1.32,51.66,0.23,False,16,0,
T00041,NGO001,13003.59,7.79,39.68,0.28,False,11,0,
T00042,NGO001,25015.54,9.63,45.21,0.26,False,9,0,
T00043,NGO001,15383.38,4.54,50.44,0.26,False,10,0,
T00044,NGO001,11872.12,11.34,43.63,0.22,False,11,0,
T00045,NGO001,18941.0,12.73,43.3,0.33,False,9,0,
T00046,NGO001,18507.54,3.96,44.87,0.26,False,11,0,
T00047,NGO001,23968.62,7.8,44.22,0.21,False,11,0,
T00048,NGO001,17615.99,5.03,47.23,0.37,False,13,0,
T00049,NGO001,22298.45,6.44,49.18,0.29,False,15,0,
T00050,NGO001,44131.37,7.44,47.06,0.3,False,14,0,
T00051,NGO001,11294.42,3.4,44.02,0.23,False,13,0,
T00052,NGO001,12880.71,2.53,50.37,0.24,False,16,0,
T00053,NGO001,47724.68,5.88,47.25,0.26,False,12,0,
T00054,NGO001,12354.38,0.65,49.83,0.33,False,18,0,
T00055,NGO001,13329.44,4.36,48.79,0.28,False,8,0,
T00056,NGO001,19924.16,3.41,48.03,0.29,False,6,0,
T00057,NGO001,6976.14,3.47,46.84,0.27,False,12,0,
T00058,NGO001,49691.87,9.37,52.09,0.26,False,13,0,
T00059,NGO001,44245.84,7.21,45.93,0.27,False,12,0,
T00060,NGO001,31285.66,8.66,44.96,0.27,False,9,0,
T00061,NGO001,29242.57,6.71,44.71,0.28,False,13,0,
T00062,NGO001,25704.07,5.51,51.24,0.31,False,10,0,
T00063,NGO001,10955.71,0.37,43.94,0.22,False,17,0,
T00064,NGO001,21150.17,7.66,47.86,0.24,False,15,0,
T00065,NGO001,10241.33,5.86,37.97,0.3,False,7,0,
T00066,NGO001,22685.96,92.07,42.46,0.25,False,10,1,Donation sat unspent for 92 days before disbursement
T00067,NGO001,15351.79,8.93,41.3,0.29,False,12,0,
T00068,NGO001,7744.34,3.72,46.11,0.28,False,18,0,
T00069,NGO001,22342.39,8.91,47.88,0.31,False,15,0,
T00070,NGO001,15172.43,9.54,44.25,0.22,False,17,0,
T00071,NGO001,18988.7,6.84,38.3,0.24,False,12,0,
T00072,NGO001,15827.17,6.02,45.8,0.26,False,14,0,
T00073,NGO001,7686.92,7.61,48.84,0.32,False,10,0,
T00074,NGO001,13806.22,10.65,46.01,0.3,False,13,0,
T00075,NGO001,28699.04,6.5,42.6,0.26,False,17,0,
T00076,NGO001,26444.51,9.18,40.38,0.23,False,6,0,
T00077,NGO001,18216.33,0.51,44.2,0.31,False,15,0,
T00078,NGO001,19572.59,0.89,45.49,0.28,False,12,0,
T00079,NGO001,30256.69,1.68,45.29,0.27,False,9,0,
T00080,NGO001,21337.48,5.81,48.52,0.24,False,14,0,
T00081,NGO001,10419.93,4.32,41.36,0.26,False,13,0,
T00082,NGO001,4649.24,3.9,46.3,0.27,False,12,0,
T00083,NGO001,10883.18,7.74,44.02,0.23,False,20,0,
T00084,NGO001,13754.23,10.93,44.91,0.29,False,13,0,
T00085,NGO001,9559.13,6.24,50.23,0.2,False,10,0,
T00086,NGO001,9921.92,4.06,42.41,0.32,False,15,0,
T00087,NGO001,10090.14,5.99,52.78,0.3,False,11,0,
T00088,NGO001,38953.39,3.37,41.51,0.3,False,18,0,
T00089,NGO001,16568.03,6.38,44.57,0.26,False,11,0,
T00090,NGO001,11564.6,4.22,43.07,0.27,False,10,0,
T00091,NGO001,20224.28,5.75,46.37,0.28,False,10,0,
T00092,NGO001,12174.28,6.3,47.91,0.22,False,14,0,
T00093,NGO001,11962.04,2.99,46.5,0.19,False,11,0,
T00094,NGO001,13784.58,7.92,40.67,0.27,False,9,0,
T00095,NGO001,15037.42,4.78,43.85,0.29,False,16,0,
T00096,NGO001,24944.31,1.41,43.27,0.29,False,12,0,
T00097,NGO001,17914.24,6.27,47.12,0.32,False,12,0,
T00098,NGO001,17370.89,4.54,44.36,0.28,False,11,0,
T00099,NGO001,4844.22,7.08,44.85,0.3,False,12,0,
T00100,NGO001,33375.55,0.39,44.6,0.27,False,18,0,
T00101,NGO001,14306.25,8.47,48.34,0.27,False,10,0,
T00102,NGO001,19107.15,1.56,49.09,0.28,False,11,0,
T00103,NGO001,27757.38,6.25,44.2,0.28,False,9,0,
T00104,NGO001,10411.32,6.21,44.23,0.28,False,14,0,
T00105,NGO001,33118.13,4.67,44.38,0.25,False,15,0,
T00106,NGO001,27874.19,7.24,51.29,0.25,False,9,0,
T00107,NGO001,17922.76,8.51,42.99,0.2,False,13,0,
T00108,NGO001,69840.15,6.33,47.84,0.28,False,13,0,
T00109,NGO001,18725.36,2.58,41.63,0.33,False,13,0,
T00110,NGO001,17241.12,3.03,45.28,0.27,False,16,0,
T00111,NGO001,11808.23,5.6,48.87,0.25,False,15,0,
T00112,NGO001,4553.24,2.13,41.77,0.26,False,18,0,
T00113,NGO001,8786.92,5.55,45.64,0.23,False,15,0,
T00114,NGO001,14965.94,11.55,49.04,0.26,False,9,0,
T00115,NGO001,16323.88,6.47,43.63,0.27,False,10,0,
T00116,NGO001,23643.75,4.28,44.02,0.27,False,11,0,
T00117,NGO001,35021.6,1.98,39.42,0.23,False,9,0,
T00118,NGO001,18252.11,1.78,43.33,0.24,False,18,0,
T00119,NGO001,21309.83,3.68,45.39,0.78,False,10,1,NGO has unusually high pending/unverified disbursement ratio (78%)
T00120,NGO001,10931.75,8.44,40.02,0.27,False,15,0,
T00121,NGO001,32447.96,7.26,44.83,0.24,False,11,0,
T00122,NGO001,14165.76,8.07,47.06,0.31,False,15,0,
T00123,NGO001,7156.22,9.42,44.28,0.3,False,16,0,
T00124,NGO001,11287.81,4.9,47.08,0.27,False,10,0,
T00125,NGO001,7833.32,5.64,52.49,0.19,False,15,0,
T00126,NGO001,29185.25,7.85,42.06,0.24,False,12,0,
T00127,NGO001,29931.42,9.45,46.02,0.31,False,12,0,
T00128,NGO001,34459.39,5.79,37.92,0.25,False,13,0,
T00129,NGO001,9953.31,3.27,42.94,0.29,False,12,0,
T00130,NGO001,57749.93,5.03,49.09,0.26,False,17,0,
T00131,NGO001,17693.71,5.33,48.13,0.27,False,15,0,
T00132,NGO001,37254.74,7.56,45.3,0.27,False,9,0,
T00133,NGO001,8286.83,6.44,46.37,0.28,False,11,0,
T00134,NGO001,57766.13,2.86,40.32,0.29,False,17,0,
T00135,NGO001,28061.32,4.22,46.31,0.33,False,15,0,
T00136,NGO001,33103.08,8.51,49.76,0.31,False,16,0,
T00137,NGO001,13757.09,6.35,41.91,0.35,False,10,0,
T00138,NGO001,13375.72,5.42,45.2,0.31,False,11,0,
T00139,NGO001,15728.32,4.01,52.23,0.28,False,9,0,
T00140,NGO001,35515.42,9.06,45.51,0.19,False,16,0,
T00141,NGO001,33983.24,6.95,51.79,0.28,False,13,0,
T00142,NGO001,41875.9,5.35,48.65,0.28,False,12,0,
T00143,NGO001,12826.7,2.44,236.97,0.25,False,10,1,Unusually slow bill verification for this NGO (237h)
T00144,NGO001,7067.88,3.38,48.04,0.26,False,10,0,
T00145,NGO001,9393.02,3.7,45.55,0.28,False,17,0,
T00146,NGO001,9422.97,5.5,43.18,0.34,False,11,0,
T00147,NGO001,17881.98,7.48,46.53,0.34,False,11,0,
T00148,NGO001,12184.89,7.67,43.79,0.25,False,12,0,
T00149,NGO001,35641.91,4.29,43.16,0.28,False,11,0,
T00150,NGO001,23112.12,13.07,48.47,0.24,False,13,0,
T00151,NGO001,11648.89,4.84,46.52,0.28,False,14,0,
T00152,NGO001,49296.7,0.75,41.89,0.3,False,10,0,
T00153,NGO001,12274.92,6.67,45.61,0.31,False,20,0,
T00154,NGO001,12185.75,9.97,42.26,0.22,False,14,0,
T00155,NGO001,22580.91,9.33,48.12,0.28,False,16,0,
T00156,NGO001,31042.5,4.05,47.1,0.26,False,10,0,
T00157,NGO001,19985.66,4.82,45.75,0.31,False,13,0,
T00158,NGO001,16739.73,8.26,41.61,0.31,False,13,0,
T00159,NGO001,18716.5,10.73,45.37,0.28,False,14,0,
T00160,NGO001,18081.33,6.53,46.88,0.26,False,11,0,
T00161,NGO001,17555.69,3.9,49.24,0.22,False,11,0,
T00162,NGO001,20079.74,5.61,39.55,0.29,False,16,0,
T00163,NGO001,7358.36,0.6,46.98,0.25,False,9,0,
T00164,NGO001,24091.06,9.37,49.59,0.26,False,9,0,
T00165,NGO001,45055.5,2.79,41.08,0.25,False,12,0,
T00166,NGO001,18654.39,3.87,43.65,0.27,False,12,0,
T00167,NGO001,15596.73,9.35,46.69,0.28,False,14,0,
T00168,NGO001,20873.58,3.17,46.63,0.31,False,14,0,
T00169,NGO001,11248.43,11.4,45.54,0.23,False,13,0,
T00170,NGO001,11219.65,4.1,48.65,0.26,False,12,0,
T00171,NGO001,12723.83,1.27,40.91,0.29,False,15,0,
T00172,NGO001,20619.69,5.93,43.95,0.26,False,11,0,
T00173,NGO001,16285.31,2.52,50.17,0.3,False,12,0,
T00174,NGO001,16560.69,3.37,45.77,0.26,False,12,0,
T00175,NGO001,9406.06,5.16,51.05,0.29,False,11,0,
T00176,NGO001,22357.58,6.83,43.26,0.32,False,14,0,
T00177,NGO001,26698.33,7.91,48.81,0.25,False,16,0,
T00178,NGO001,18190.96,7.2,52.21,0.26,False,13,0,
T00179,NGO001,11404.01,4.55,44.7,0.28,False,14,0,
T00180,NGO001,11902.04,14.9,45.37,0.24,False,15,0,
T00181,NGO001,16662.27,6.36,47.5,0.24,False,12,0,
T00182,NGO001,6517.71,8.8,48.28,0.21,False,10,0,
T00183,NGO001,18461.61,9.14,50.71,0.26,False,16,0,
T00184,NGO001,15975.64,1.1,43.94,0.29,False,13,0,
T00185,NGO001,36757.49,10.14,43.78,0.28,False,14,0,
T00186,NGO001,18833.09,6.97,44.78,0.22,False,12,0,
T00187,NGO001,24945.14,2.55,49.11,0.22,False,11,0,
T00188,NGO001,8814.75,8.42,41.92,0.3,False,10,0,
T00189,NGO001,15901.9,7.43,45.89,0.23,False,15,0,
T00190,NGO001,12437.03,7.95,41.48,0.24,False,14,0,
T00191,NGO001,13671.94,12.23,46.8,0.28,False,16,0,
T00192,NGO001,18607.76,5.02,44.01,0.27,False,10,0,
T00193,NGO001,24414.98,5.76,45.89,0.21,False,15,0,
T00194,NGO001,19743.28,0.3,54.47,0.24,False,14,0,
T00195,NGO001,30016.44,2.88,47.5,0.24,False,23,1,Disbursement created at unusual hour (23:00)
T00196,NGO001,46756.91,5.69,45.58,0.29,False,11,0,
T00197,NGO001,13080.54,6.84,47.51,0.27,False,14,0,
T00198,NGO001,28132.88,3.03,44.34,0.22,False,15,0,
T00199,NGO001,14128.06,4.48,46.57,0.25,False,15,0,
T00200,NGO001,15117.76,8.37,44.48,0.23,False,10,0,
T00201,NGO001,30034.23,1.61,49.17,0.33,False,15,0,
T00202,NGO001,4982.37,0.45,50.96,0.27,False,12,0,
T00203,NGO001,32795.53,8.09,55.08,0.27,False,8,0,
T00204,NGO001,17926.48,9.07,39.1,0.3,False,15,0,
T00205,NGO001,14061.14,9.79,46.05,0.28,False,9,0,
T00206,NGO001,12517.39,4.6,44.38,0.28,False,20,0,
T00207,NGO001,16844.64,8.31,43.17,0.27,False,10,0,
T00208,NGO001,38456.15,6.27,49.6,0.25,False,14,0,
T00209,NGO001,11947.32,7.58,45.23,0.29,False,14,0,
T00210,NGO001,4664.32,13.64,46.9,0.29,False,16,0,
T00211,NGO001,24510.64,5.24,46.61,0.31,False,10,0,
T00212,NGO001,9117.36,7.31,48.34,0.29,False,15,0,
T00213,NGO001,8706.55,5.25,47.17,0.26,False,20,0,
T00214,NGO001,5763.49,2.81,43.44,0.29,False,9,0,
T00215,NGO001,12077.48,6.49,44.35,0.25,False,18,0,
T00216,NGO001,27108.77,11.13,44.42,0.28,False,16,0,
T00217,NGO001,17908.28,6.75,48.09,0.23,False,8,0,
T00218,NGO001,38930.17,9.49,41.0,0.31,False,12,0,
T00219,NGO001,18176.63,4.19,47.55,0.22,False,9,0,
T00220,NGO001,24419.48,1.5,41.67,0.27,False,13,0,
T00221,NGO001,10365.8,6.48,45.99,0.28,False,10,0,
T00222,NGO001,21753.45,9.75,44.76,0.27,False,14,0,
T00223,NGO001,10782.57,8.37,43.71,0.28,False,15,0,
T00224,NGO001,11187.19,6.47,53.06,0.26,False,11,0,
T00225,NGO001,7009.01,2.43,45.84,0.22,False,11,0,
T00226,NGO001,25521.0,7.1,49.87,0.21,False,16,0,
T00227,NGO001,26570.23,0.88,50.09,0.3,False,18,0,
T00228,NGO001,18828.86,7.73,44.09,0.26,False,11,0,
T00229,NGO001,24142.99,6.36,43.49,0.35,False,15,0,
T00230,NGO001,6776.79,6.86,45.31,0.28,False,15,0,
T00231,NGO001,27527.42,4.17,45.33,0.27,False,11,0,
T00232,NGO002,19262.82,6.15,44.29,0.27,False,8,0,
T00233,NGO002,11974.92,4.2,49.9,0.31,False,8,0,
T00234,NGO002,26506.83,3.87,47.54,0.33,False,10,0,
T00235,NGO002,8095.77,7.88,42.78,0.29,False,14,0,
T00236,NGO002,9271.06,8.63,47.0,0.36,False,9,0,
T00237,NGO002,5601.6,14.1,43.76,0.28,False,12,0,
T00238,NGO002,9176.83,11.25,47.36,0.33,False,9,0,
T00239,NGO002,20515.38,9.23,44.61,0.3,False,15,0,
T00240,NGO002,7947.19,3.94,43.61,0.33,False,9,0,
T00241,NGO002,28468.31,6.96,46.47,0.31,False,14,0,
T00242,NGO002,17883.95,5.41,43.84,0.31,False,13,0,
T00243,NGO002,16153.76,9.94,42.14,0.25,False,14,0,
T00244,NGO002,14167.06,5.91,45.76,0.34,False,16,0,
T00245,NGO002,4278.48,6.56,45.69,0.31,False,11,0,
T00246,NGO002,31476.37,9.77,45.55,0.31,False,10,0,
T00247,NGO002,27492.8,6.1,42.93,0.33,False,12,0,
T00248,NGO002,15297.27,8.89,44.82,0.29,False,11,0,
T00249,NGO002,15990.87,2.95,45.1,0.34,False,9,0,
T00250,NGO002,19937.35,6.69,243.03,0.31,False,10,1,Unusually slow bill verification for this NGO (243h)
T00251,NGO002,14447.99,5.17,45.9,0.34,False,15,0,
T00252,NGO002,11840.81,8.51,42.54,0.35,False,12,0,
T00253,NGO002,23495.98,9.52,45.52,0.27,False,14,0,
T00254,NGO002,11404.39,6.09,40.51,0.33,False,15,0,
T00255,NGO002,18627.87,13.81,46.68,0.26,False,15,0,
T00256,NGO002,20123.37,4.13,46.42,0.31,False,12,0,
T00257,NGO002,14545.5,3.45,43.24,0.33,False,18,0,
T00258,NGO002,20273.49,4.46,41.65,0.32,False,17,0,
T00259,NGO002,10596.78,7.94,365.46,0.33,False,10,1,Unusually slow bill verification for this NGO (365h)
T00260,NGO002,12828.16,3.55,38.7,0.33,False,14,0,
T00261,NGO002,7479.33,0.72,40.4,0.35,False,11,0,
T00262,NGO002,66636.62,6.38,42.92,0.37,False,18,0,
T00263,NGO002,28659.33,7.78,47.32,0.3,False,10,0,
T00264,NGO002,16287.35,9.35,43.03,0.34,False,15,0,
T00265,NGO002,8708.64,5.42,42.83,0.26,False,12,0,
T00266,NGO002,15260.74,6.57,46.71,0.37,False,9,0,
T00267,NGO002,14406.49,3.12,43.86,0.35,False,18,0,
T00268,NGO002,38131.04,1.77,41.46,0.3,False,15,0,
T00269,NGO002,19491.67,5.56,43.58,0.26,False,14,0,
T00270,NGO002,12173.47,2.67,44.83,0.32,False,11,0,
T00271,NGO002,40688.17,4.63,43.17,0.33,False,10,0,
T00272,NGO002,19263.85,7.06,45.35,0.28,False,10,0,
T00273,NGO002,14406.53,7.1,47.72,0.29,False,17,0,
T00274,NGO002,14057.09,4.42,44.94,0.32,False,9,0,
T00275,NGO002,24471.49,5.16,45.18,0.33,False,8,0,
T00276,NGO002,12197.92,2.67,46.68,0.27,False,20,0,
T00277,NGO002,6712.17,9.49,42.78,0.29,False,13,0,
T00278,NGO002,30691.79,5.11,45.44,0.32,False,18,0,
T00279,NGO002,9048.22,2.76,46.29,0.34,False,5,0,
T00280,NGO002,9364.19,3.87,45.2,0.35,False,13,0,
T00281,NGO002,11438.27,3.6,43.53,0.28,False,13,0,
T00282,NGO002,39877.72,4.92,46.52,0.32,False,12,0,
T00283,NGO002,26521.48,5.77,44.44,0.41,False,13,0,
T00284,NGO002,10791.51,9.93,43.28,0.26,False,13,0,
T00285,NGO002,45721.04,9.24,43.64,0.35,False,13,0,
T00286,NGO002,26082.65,8.95,46.95,0.34,False,11,0,
T00287,NGO002,13573.49,4.79,42.12,0.33,False,19,0,
T00288,NGO002,9071.17,6.57,45.71,0.33,False,13,0,
T00289,NGO002,9096.85,7.28,44.42,0.34,False,16,0,
T00290,NGO002,67796.1,3.58,46.77,0.32,False,13,0,
T00291,NGO002,9380.62,9.42,48.93,0.31,False,6,0,
T00292,NGO002,11680.76,4.5,47.96,0.33,False,10,0,
T00293,NGO002,14308.19,4.9,43.81,0.29,False,17,0,
T00294,NGO002,13666.79,1.44,48.71,0.31,False,16,0,
T00295,NGO002,9926.51,6.97,41.44,0.35,False,11,0,
T00296,NGO002,18226.61,4.79,46.55,0.3,False,15,0,
T00297,NGO002,17492.17,11.82,41.98,0.29,False,14,0,
T00298,NGO002,18011.58,8.17,46.98,0.28,False,15,0,
T00299,NGO002,23621.57,11.7,44.58,0.28,False,16,0,
T00300,NGO002,15272.21,6.76,44.79,0.31,False,10,0,
T00301,NGO002,19586.37,0.21,47.11,0.3,False,14,1,Disbursed within hours of donation arriving
T00302,NGO002,14146.88,6.12,45.44,0.37,False,15,0,
T00303,NGO002,10645.95,12.27,43.84,0.3,False,12,0,
T00304,NGO002,14468.93,0.9,46.57,0.34,False,10,0,
T00305,NGO002,13407.82,8.38,46.66,0.38,False,11,0,
T00306,NGO002,25267.88,8.56,42.93,0.37,False,15,0,
T00307,NGO002,15759.95,1.44,45.53,0.36,False,9,0,
T00308,NGO002,15360.19,4.95,43.92,0.31,False,14,0,
T00309,NGO002,35272.58,9.33,43.89,0.3,False,10,0,
T00310,NGO002,9779.22,8.72,44.33,0.34,False,13,0,
T00311,NGO002,4121.65,1.4,51.87,0.3,False,5,0,
T00312,NGO002,7350.57,8.89,52.07,0.32,False,13,0,
T00313,NGO002,4396.67,1.68,43.5,0.27,False,11,0,
T00314,NGO002,26096.13,9.11,45.24,0.3,False,13,0,
T00315,NGO002,15752.61,4.23,49.42,0.29,False,14,0,
T00316,NGO002,24906.74,2.41,48.07,0.33,False,14,0,
T00317,NGO002,25486.06,7.61,47.44,0.28,False,2,1,Disbursement created at unusual hour (2:00)
T00318,NGO002,29645.82,8.76,45.32,0.26,False,10,0,
T00319,NGO002,43483.77,2.8,47.41,0.32,False,13,0,
T00320,NGO002,66221.36,7.35,41.76,0.32,False,18,0,
T00321,NGO002,19425.04,11.7,42.47,0.31,False,15,0,
T00322,NGO002,14651.19,5.48,40.53,0.34,False,11,0,
T00323,NGO002,17061.58,3.59,45.77,0.34,False,11,0,
T00324,NGO002,7857.84,10.49,46.35,0.31,False,11,0,
T00325,NGO002,8129.12,6.13,43.77,0.32,False,13,0,
T00326,NGO002,5096.17,7.31,48.96,0.35,False,13,0,
T00327,NGO002,9740.06,6.43,41.64,0.32,False,12,0,
T00328,NGO002,14965.25,0.7,40.63,0.29,False,11,0,
T00329,NGO002,16736.76,5.85,40.77,0.27,False,5,0,
T00330,NGO002,8338.44,3.41,45.27,0.28,False,13,0,
T00331,NGO002,16154.16,7.19,41.18,0.71,False,14,1,NGO has unusually high pending/unverified disbursement ratio (71%)
T00332,NGO002,12457.47,2.22,42.39,0.31,False,14,0,
T00333,NGO002,9045.22,6.72,51.2,0.29,False,5,0,
T00334,NGO002,13942.51,6.88,47.68,0.37,False,16,0,
T00335,NGO002,12633.15,5.68,52.91,0.27,False,13,0,
T00336,NGO002,21104.28,4.91,45.82,0.29,False,15,0,
T00337,NGO002,20078.51,5.91,48.36,0.31,False,7,0,
T00338,NGO002,32664.91,7.92,42.81,0.32,False,5,0,
T00339,NGO002,29168.11,6.67,44.82,0.32,False,14,0,
T00340,NGO002,23268.8,9.5,44.37,0.31,False,16,0,
T00341,NGO002,23405.95,6.58,44.93,0.3,False,16,0,
T00342,NGO002,27477.96,4.77,42.74,0.35,False,11,0,
T00343,NGO002,27562.7,7.54,47.16,0.33,False,11,0,
T00344,NGO002,20693.14,8.09,48.53,0.33,False,14,0,
T00345,NGO002,16081.31,3.35,44.49,0.29,False,10,0,
T00346,NGO002,15070.81,6.32,44.58,0.31,False,14,0,
T00347,NGO002,16328.43,3.55,46.96,0.34,False,8,0,
T00348,NGO002,10726.81,8.62,43.09,0.31,False,15,0,
T00349,NGO002,14108.28,0.01,46.89,0.28,False,13,0,
T00350,NGO002,19006.9,3.44,45.99,0.31,False,16,0,
T00351,NGO002,43926.86,9.72,45.61,0.3,False,15,0,
T00352,NGO002,9552.42,6.71,49.09,0.28,False,13,0,
T00353,NGO002,16089.69,0.69,42.9,0.3,False,11,0,
T00354,NGO002,17743.87,4.12,45.03,0.34,False,9,0,
T00355,NGO002,25688.64,3.4,43.01,0.3,False,8,0,
T00356,NGO002,10398.41,9.08,42.99,0.31,False,15,0,
T00357,NGO002,20226.64,5.69,45.78,0.3,False,5,0,
T00358,NGO002,15155.92,7.57,42.53,0.32,False,13,0,
T00359,NGO002,17133.0,6.59,43.13,0.3,False,14,0,
T00360,NGO002,31638.7,7.22,44.61,0.23,False,13,0,
T00361,NGO002,12054.64,2.34,43.46,0.31,False,11,0,
T00362,NGO002,36274.02,4.81,46.43,0.3,False,19,0,
T00363,NGO002,23594.39,2.78,40.32,0.34,False,14,0,
T00364,NGO002,9935.52,9.23,40.88,0.36,False,10,0,
T00365,NGO002,13619.53,7.81,43.35,0.31,False,13,0,
T00366,NGO002,9403.12,1.42,41.58,0.31,False,5,0,
T00367,NGO002,61508.98,8.35,44.92,0.3,False,13,0,
T00368,NGO002,22046.64,9.16,42.81,0.32,False,17,0,
T00369,NGO002,23625.31,7.78,43.92,0.3,False,13,0,
T00370,NGO002,38252.38,8.97,40.93,0.33,False,15,0,
T00371,NGO002,6764.9,3.51,44.67,0.26,False,12,0,
T00372,NGO002,40692.89,7.61,45.14,0.31,False,11,0,
T00373,NGO002,13275.06,5.05,48.83,0.33,False,9,0,
T00374,NGO002,18686.89,2.11,49.72,0.28,False,15,0,
T00375,NGO002,14346.9,7.4,47.94,0.31,False,12,0,
T00376,NGO002,17738.04,2.73,44.51,0.31,False,14,0,
T00377,NGO002,49661.41,6.02,44.41,0.3,False,12,0,
T00378,NGO002,34719.84,4.31,44.73,0.31,False,9,0,
T00379,NGO002,12886.24,7.77,40.19,0.33,False,19,0,
T00380,NGO002,7709.85,6.49,45.11,0.33,False,11,0,
T00381,NGO002,20624.56,6.06,43.06,0.33,False,18,0,
T00382,NGO002,14691.18,10.18,48.51,0.32,False,9,0,
T00383,NGO002,13736.59,6.0,41.23,0.33,False,15,0,
T00384,NGO002,12725.34,5.54,42.36,0.31,False,11,0,
T00385,NGO002,13398.7,4.06,47.21,0.31,False,11,0,
T00386,NGO002,33749.38,6.74,45.43,0.32,False,14,0,
T00387,NGO002,11197.59,8.37,39.07,0.34,False,9,0,
T00388,NGO002,24389.8,1.42,45.08,0.32,False,12,0,
T00389,NGO002,17296.2,7.75,50.91,0.27,False,17,0,
T00390,NGO002,17281.57,8.34,44.11,0.36,False,11,0,
T00391,NGO002,7345.58,5.96,41.22,0.32,False,15,0,
T00392,NGO002,12946.5,6.03,47.11,0.35,False,11,0,
T00393,NGO002,32198.66,2.79,47.02,0.35,False,7,0,
T00394,NGO002,19454.01,8.07,37.31,0.29,False,9,0,
T00395,NGO002,23710.07,2.55,46.98,0.33,False,7,0,
T00396,NGO002,11241.18,8.59,46.72,0.3,False,9,0,
T00397,NGO002,11747.19,10.27,50.2,0.34,False,13,0,
T00398,NGO002,10461.47,7.44,43.27,0.33,False,13,0,
T00399,NGO002,23335.88,98.14,48.14,0.28,False,11,1,Donation sat unspent for 98 days before disbursement
T00400,NGO002,18724.91,5.85,46.33,0.3,False,11,0,
T00401,NGO002,14031.47,6.66,44.37,0.31,False,14,0,
T00402,NGO002,8842.99,6.94,43.64,0.29,False,18,0,
T00403,NGO002,14755.99,0.1,37.68,0.32,False,11,0,
T00404,NGO002,19243.3,9.23,46.07,0.32,False,10,0,
T00405,NGO002,19312.84,11.53,37.98,0.35,False,12,0,
T00406,NGO002,5588.18,6.56,45.67,0.34,False,17,0,
T00407,NGO002,16375.86,10.06,44.37,0.3,False,13,0,
T00408,NGO002,17257.87,4.82,43.71,0.31,False,12,0,
T00409,NGO002,23670.16,5.59,48.01,0.31,False,8,0,
T00410,NGO002,22663.28,5.26,43.14,0.3,False,13,0,
T00411,NGO002,17865.18,5.88,47.08,0.34,False,13,0,
T00412,NGO002,13383.71,7.27,44.48,0.32,False,12,0,
T00413,NGO002,20201.13,6.12,40.97,0.32,False,8,0,
T00414,NGO002,20049.6,6.52,42.88,0.36,False,13,0,
T00415,NGO002,45682.08,7.47,45.84,0.28,False,12,0,
T00416,NGO002,10963.22,3.34,44.71,0.37,False,15,0,
T00417,NGO002,28401.85,0.02,50.83,0.3,False,15,0,
T00418,NGO002,65387.73,5.6,41.96,0.27,False,14,0,
T00419,NGO002,7372.52,10.29,45.41,0.3,False,14,0,
T00420,NGO002,14919.38,8.27,49.36,0.29,False,15,0,
T00421,NGO002,41556.03,5.96,47.17,0.3,False,13,0,
T00422,NGO002,19214.49,6.79,40.41,0.35,False,16,0,
T00423,NGO002,29223.09,7.54,44.76,0.31,False,12,0,
T00424,NGO003,23951.29,7.22,36.66,0.19,False,13,0,
T00425,NGO003,26318.72,8.66,33.01,0.23,False,15,0,
T00426,NGO003,14543.18,0.85,36.16,0.26,False,12,0,
T00427,NGO003,14371.8,10.36,31.29,0.25,False,11,0,
T00428,NGO003,42009.79,7.61,35.86,0.22,False,7,0,
T00429,NGO003,16547.06,0.12,35.26,0.21,False,11,1,Disbursed within hours of donation arriving
T00430,NGO003,36098.18,6.13,32.29,0.26,False,15,0,
T00431,NGO003,34464.2,5.28,40.91,0.17,False,15,0,
T00432,NGO003,10131.04,6.33,35.68,0.25,False,11,0,
T00433,NGO003,7613.0,10.35,32.6,0.21,False,14,0,
T00434,NGO003,13937.01,4.58,38.4,0.28,False,13,0,
T00435,NGO003,12327.38,0.22,34.67,0.23,False,11,0,
T00436,NGO003,5943.8,3.7,39.74,0.15,False,11,0,
T00437,NGO003,17225.65,9.36,33.28,0.26,False,6,0,
T00438,NGO003,22093.59,7.72,36.35,0.24,False,10,0,
T00439,NGO003,14183.53,4.99,32.61,0.22,False,10,0,
T00440,NGO003,9951.6,7.35,39.97,0.23,False,13,0,
T00441,NGO003,20123.26,8.37,39.77,0.22,False,11,0,
T00442,NGO003,9099.92,4.92,35.47,0.24,False,13,0,
T00443,NGO003,15428.55,8.17,35.34,0.24,False,13,0,
T00444,NGO003,12916.46,7.61,39.31,0.24,False,15,0,
T00445,NGO003,14123.48,7.09,37.21,0.24,False,15,0,
T00446,NGO003,29447.31,9.19,35.01,0.22,False,12,0,
T00447,NGO003,28978.37,15.37,34.22,0.27,False,12,0,
T00448,NGO003,16223.78,3.31,33.29,0.23,False,11,0,
T00449,NGO003,23506.0,7.39,36.39,0.23,False,15,0,
T00450,NGO003,3286.18,5.8,33.59,0.24,False,12,0,
T00451,NGO003,10028.59,10.37,33.95,0.23,False,14,0,
T00452,NGO003,14591.88,6.95,36.22,0.28,False,8,0,
T00453,NGO003,6546.82,11.46,38.92,0.31,False,17,0,
T00454,NGO003,8766.5,3.6,39.82,0.2,False,16,0,
T00455,NGO003,12473.87,3.93,31.52,0.29,False,14,0,
T00456,NGO003,20470.27,3.62,38.49,0.28,False,11,0,
T00457,NGO003,8180.96,7.06,38.41,0.24,False,14,0,
T00458,NGO003,23402.13,12.23,39.57,0.23,False,9,0,
T00459,NGO003,15600.85,7.63,40.2,0.3,False,16,0,
T00460,NGO003,24341.58,9.89,35.65,0.18,False,12,0,
T00461,NGO003,22873.04,7.59,36.35,0.23,False,14,0,
T00462,NGO003,23945.18,4.77,33.78,0.18,False,12,0,
T00463,NGO003,27974.58,7.07,34.24,0.27,False,13,0,
T00464,NGO003,7426.63,11.69,33.14,0.24,False,11,0,
T00465,NGO003,62768.14,2.47,32.08,0.2,False,12,0,
T00466,NGO003,15000.0,5.29,33.72,0.24,True,14,1,"Round-number amount, possible structuring"
T00467,NGO003,15206.8,7.98,30.35,0.75,False,13,1,NGO has unusually high pending/unverified disbursement ratio (75%)
T00468,NGO003,11713.8,1.94,33.65,0.25,False,13,0,
T00469,NGO003,19974.41,0.3,37.18,0.26,False,11,0,
T00470,NGO003,17464.95,9.57,38.82,0.25,False,12,0,
T00471,NGO003,48022.41,6.01,38.34,0.27,False,10,0,
T00472,NGO003,12494.97,2.38,36.43,0.22,False,18,0,
T00473,NGO003,13570.78,7.03,39.97,0.26,False,14,0,
T00474,NGO003,21053.22,3.06,44.49,0.2,False,12,0,
T00475,NGO003,20180.62,5.39,40.57,0.28,False,11,0,
T00476,NGO003,15018.52,3.58,304.53,0.26,False,13,1,Unusually slow bill verification for this NGO (305h)
T00477,NGO003,23068.91,3.59,37.99,0.21,False,13,0,
T00478,NGO003,25621.55,9.58,34.94,0.23,False,11,0,
T00479,NGO003,14570.84,3.76,34.77,0.19,False,11,0,
T00480,NGO003,13951.17,0.89,33.92,0.21,False,16,0,
T00481,NGO003,12481.94,4.94,32.99,0.19,False,11,0,
T00482,NGO003,18029.86,4.86,36.3,0.26,False,11,0,
T00483,NGO003,16037.88,3.45,37.02,0.18,False,11,0,
T00484,NGO003,19256.6,2.5,35.36,0.19,False,15,0,
T00485,NGO003,15610.05,3.5,38.05,0.22,False,12,0,
T00486,NGO003,11503.92,7.63,40.23,0.27,False,15,0,
T00487,NGO003,20263.74,0.22,34.47,0.26,False,12,0,
T00488,NGO003,7533.73,3.97,30.9,0.22,False,16,0,
T00489,NGO003,6392.44,3.23,39.99,0.22,False,12,0,
T00490,NGO003,13836.83,6.79,31.54,0.22,False,21,0,
T00491,NGO003,19198.62,1.45,39.74,0.2,False,13,0,
T00492,NGO003,8923.86,3.27,33.16,0.25,False,11,0,
T00493,NGO003,8886.83,6.66,38.96,0.22,False,10,0,
T00494,NGO003,14374.51,7.2,36.71,0.25,False,10,0,
T00495,NGO003,20429.48,5.08,32.79,0.21,False,14,0,
T00496,NGO003,32078.43,5.57,31.75,0.21,False,12,0,
T00497,NGO003,9749.01,4.0,36.18,0.23,False,6,0,
T00498,NGO003,5082.79,5.87,31.66,0.29,False,8,0,
T00499,NGO003,12216.76,10.17,34.15,0.24,False,13,0,
T00500,NGO003,5055.28,6.06,37.97,0.21,False,13,0,
T00501,NGO003,5186.1,70.2,34.44,0.24,False,12,1,Donation sat unspent for 70 days before disbursement
T00502,NGO003,12921.79,6.39,35.56,0.26,False,17,0,
T00503,NGO003,17231.93,4.07,31.84,0.25,False,16,0,
T00504,NGO003,18001.76,5.4,37.2,0.27,False,10,0,
T00505,NGO003,14246.79,4.59,30.28,0.21,False,9,0,
T00506,NGO003,10000.0,9.63,40.41,0.2,True,14,1,"Round-number amount, possible structuring"
T00507,NGO003,17828.23,13.6,37.34,0.22,False,11,0,
T00508,NGO003,5364.97,0.18,37.04,0.27,False,12,0,
T00509,NGO003,12891.52,3.54,35.36,0.24,False,8,0,
T00510,NGO003,14479.57,8.39,32.34,0.21,False,9,0,
T00511,NGO003,18870.66,8.18,32.92,0.22,False,11,0,
T00512,NGO003,13485.1,5.41,39.74,0.22,False,14,0,
T00513,NGO003,13213.18,8.86,32.89,0.26,False,11,0,
T00514,NGO003,13671.73,6.44,35.54,0.26,False,13,0,
T00515,NGO003,15817.99,2.09,36.35,0.21,False,15,0,
T00516,NGO003,34704.82,1.19,31.66,0.23,False,12,0,
T00517,NGO003,16928.4,9.23,33.08,0.28,False,14,0,
T00518,NGO003,17154.79,8.44,33.16,0.21,False,12,0,
T00519,NGO003,19484.15,5.33,37.4,0.26,False,15,0,
T00520,NGO003,19437.47,6.88,36.44,0.24,False,17,0,
T00521,NGO003,34629.85,4.93,33.58,0.22,False,8,0,
T00522,NGO003,17488.37,2.77,35.97,0.25,False,13,0,
T00523,NGO003,12473.79,7.26,35.55,0.21,False,13,0,
T00524,NGO003,13906.46,6.4,37.81,0.22,False,12,0,
T00525,NGO003,24656.48,8.09,32.69,0.21,False,12,0,
T00526,NGO003,10749.68,5.47,36.53,0.25,False,9,0,
T00527,NGO003,21945.14,5.37,33.98,0.25,False,13,0,
T00528,NGO003,6730.88,6.23,34.77,0.2,False,15,0,
T00529,NGO003,11495.9,0.43,40.09,0.22,False,19,0,
T00530,NGO003,47828.48,3.88,32.48,0.22,False,13,0,
T00531,NGO003,12822.51,4.39,40.86,0.24,False,12,0,
T00532,NGO003,11529.72,3.37,31.96,0.16,False,11,0,
T00533,NGO003,12380.97,5.21,34.65,0.23,False,11,0,
T00534,NGO003,34269.79,6.91,37.56,0.22,False,12,0,
T00535,NGO003,3415.51,6.06,36.22,0.18,False,14,0,
T00536,NGO003,13984.19,6.46,38.28,0.25,False,15,0,
T00537,NGO003,8815.3,3.78,36.66,0.22,False,12,0,
T00538,NGO003,33110.66,10.46,30.9,0.28,False,12,0,
T00539,NGO003,14794.03,1.91,30.0,0.21,False,12,0,
T00540,NGO003,27502.87,6.56,32.14,0.27,False,12,0,
T00541,NGO003,9038.2,9.85,33.92,0.2,False,12,0,
T00542,NGO003,15765.74,5.64,36.13,0.2,False,10,0,
T00543,NGO003,13181.19,1.83,33.23,0.26,False,15,0,
T00544,NGO003,9159.68,5.64,35.35,0.23,False,10,0,
T00545,NGO003,11993.83,7.15,31.1,0.23,False,12,0,
T00546,NGO003,10310.11,3.9,32.1,0.22,False,12,0,
T00547,NGO003,7383.37,8.57,32.51,0.2,False,15,0,
T00548,NGO003,19996.07,5.64,40.61,0.25,False,18,0,
T00549,NGO003,11294.23,3.13,35.6,0.26,False,10,0,
T00550,NGO003,32889.65,5.77,35.04,0.24,False,16,0,
T00551,NGO003,11580.69,8.23,31.51,0.2,False,15,0,
T00552,NGO003,19678.45,6.43,31.92,0.25,False,19,0,
T00553,NGO003,15831.55,4.6,32.2,0.23,False,11,0,
T00554,NGO003,9236.68,12.8,35.65,0.18,False,6,0,
T00555,NGO003,16398.98,12.31,34.94,0.23,False,7,0,
T00556,NGO003,12180.43,6.65,32.77,0.18,False,13,0,
T00557,NGO003,7533.48,5.89,38.84,0.25,False,14,0,
T00558,NGO003,33524.42,5.59,34.45,0.25,False,12,0,
T00559,NGO003,32250.3,9.93,37.59,0.19,False,11,0,
T00560,NGO003,14032.67,7.1,31.6,0.2,False,12,0,
T00561,NGO003,30000.0,7.43,35.12,0.27,True,15,1,"Round-number amount, possible structuring"
T00562,NGO003,29990.94,6.66,35.54,0.28,False,18,0,
T00563,NGO003,6517.66,9.18,34.79,0.26,False,14,0,
T00564,NGO003,10902.68,11.7,36.04,0.24,False,13,0,
T00565,NGO003,19974.08,6.44,32.66,0.21,False,16,0,
T00566,NGO003,35953.6,9.5,31.57,0.17,False,15,0,
T00567,NGO003,18532.76,7.94,34.66,0.21,False,15,0,
T00568,NGO003,24260.98,2.11,33.03,0.23,False,12,0,
T00569,NGO003,17047.84,7.66,32.72,0.23,False,6,0,
T00570,NGO003,26424.6,1.83,33.52,0.22,False,11,0,
T00571,NGO003,35603.25,1.46,39.14,0.24,False,9,0,
T00572,NGO003,9032.44,9.62,38.73,0.21,False,11,0,
T00573,NGO003,18382.3,2.92,38.61,0.26,False,14,0,
T00574,NGO003,19908.73,8.24,39.62,0.22,False,7,0,
T00575,NGO003,13375.71,7.25,35.14,0.2,False,16,0,
T00576,NGO003,58455.58,9.54,42.14,0.25,False,9,0,
T00577,NGO003,16296.05,4.23,32.03,0.26,False,15,0,
T00578,NGO003,6973.33,7.04,39.16,0.21,False,17,0,
T00579,NGO003,7698.62,5.55,36.81,0.29,False,15,0,
T00580,NGO003,14278.72,117.49,34.84,0.26,False,16,1,Donation sat unspent for 117 days before disbursement
T00581,NGO003,18246.56,7.49,32.37,0.19,False,17,0,
T00582,NGO003,18718.57,0.52,38.14,0.23,False,17,0,
T00583,NGO003,9529.15,5.99,34.9,0.26,False,17,0,
T00584,NGO003,36858.21,3.09,28.58,0.28,False,11,0,
T00585,NGO003,12259.26,4.52,35.85,0.18,False,10,0,
T00586,NGO003,12370.18,6.33,34.05,0.2,False,15,0,
T00587,NGO003,10688.03,5.22,34.32,0.8,False,13,1,NGO has unusually high pending/unverified disbursement ratio (80%)
T00588,NGO003,5867.13,1.27,32.9,0.23,False,12,0,
T00589,NGO003,10764.64,6.52,38.91,0.24,False,12,0,
T00590,NGO003,10329.93,7.47,37.01,0.24,False,12,0,
T00591,NGO003,22198.22,3.56,35.0,0.22,False,20,0,
T00592,NGO003,21861.0,5.33,41.45,0.21,False,11,0,
T00593,NGO003,8139.0,10.59,35.7,0.21,False,12,0,
T00594,NGO003,25440.42,4.18,35.07,0.24,False,14,0,
T00595,NGO003,30570.95,4.32,39.11,0.24,False,16,0,
T00596,NGO003,22371.16,7.57,35.01,0.3,False,15,0,
T00597,NGO003,29929.81,11.81,39.51,0.25,False,8,0,
T00598,NGO003,17548.96,5.67,32.89,0.22,False,11,0,
T00599,NGO003,12136.47,5.59,36.16,0.16,False,5,0,
T00600,NGO003,13544.28,6.06,31.79,0.28,False,18,0,
T00601,NGO003,22044.72,6.21,41.62,0.25,False,11,0,
T00602,NGO003,25630.33,5.73,35.06,0.23,False,9,0,
T00603,NGO003,19448.75,6.39,34.3,0.2,False,10,0,
T00604,NGO003,20000.0,9.46,39.46,0.22,True,5,1,"Round-number amount, possible structuring"
T00605,NGO003,17339.01,7.52,32.56,0.27,False,8,0,
T00606,NGO003,11951.71,7.49,33.7,0.25,False,18,0,
T00607,NGO003,9960.47,2.06,36.81,0.22,False,11,0,
T00608,NGO003,22642.96,6.97,35.12,0.25,False,11,0,
T00609,NGO003,12031.33,10.8,38.91,0.24,False,14,0,
T00610,NGO003,19055.32,3.61,36.58,0.27,False,6,0,
T00611,NGO003,17791.79,6.02,36.5,0.21,False,9,0,
T00612,NGO003,13960.31,4.25,31.78,0.23,False,19,0,
T00613,NGO003,30591.73,0.8,31.76,0.24,False,20,0,
T00614,NGO003,7730.92,8.04,32.87,0.23,False,12,0,
T00615,NGO003,6689.09,7.3,37.15,0.29,False,14,0,
T00616,NGO003,25730.6,2.67,35.2,0.22,False,8,0,
T00617,NGO003,5907.19,6.36,35.3,0.23,False,15,0,
T00618,NGO003,9901.95,7.92,35.67,0.82,False,9,1,NGO has unusually high pending/unverified disbursement ratio (82%)
T00619,NGO003,22441.8,1.53,35.19,0.23,False,15,0,
T00620,NGO003,18063.45,5.11,39.24,0.24,False,13,0,
T00621,NGO003,11911.9,3.63,33.42,0.21,False,14,0,
T00622,NGO003,5948.27,11.76,31.64,0.23,False,9,0,
T00623,NGO003,10987.86,1.31,39.32,0.27,False,12,0,
T00624,NGO003,28273.51,9.78,38.74,0.2,False,16,0,
T00625,NGO003,14014.53,7.35,33.88,0.22,False,13,0,
T00626,NGO003,30725.07,8.35,32.93,0.21,False,16,0,
T00627,NGO003,22199.73,6.56,38.32,0.21,False,15,0,
T00628,NGO003,29141.74,3.04,34.45,0.27,False,15,0,
T00629,NGO003,16518.1,1.62,33.24,0.18,False,16,0,
T00630,NGO003,24841.18,1.37,33.41,0.25,False,11,0,
T00631,NGO003,34125.07,3.92,30.78,0.2,False,12,0,
T00632,NGO003,10929.57,3.57,31.96,0.24,False,13,0,
T00633,NGO003,11959.25,7.27,36.3,0.24,False,9,0,
T00634,NGO003,32092.44,6.48,41.94,0.22,False,10,0,
T00635,NGO003,15200.83,7.02,38.91,0.26,False,15,0,
T00636,NGO003,12907.35,9.09,37.92,0.2,False,15,0,
T00637,NGO003,14587.93,11.42,34.25,0.26,False,14,0,
T00638,NGO003,13578.26,7.81,32.75,0.31,False,13,0,
T00639,NGO003,20097.4,7.13,33.53,0.24,False,14,0,
T00640,NGO003,27324.25,8.62,34.36,0.21,False,13,0,
T00641,NGO003,16983.52,6.56,31.15,0.26,False,15,0,
T00642,NGO003,10923.64,7.27,35.42,0.19,False,9,0,
T00643,NGO003,3650.97,8.83,35.35,0.26,False,9,0,
T00644,NGO003,16538.13,5.46,34.99,0.26,False,18,0,
T00645,NGO003,35228.33,4.85,36.84,0.22,False,10,0,
T00646,NGO003,44577.91,8.57,32.82,0.17,False,13,0,
T00647,NGO003,16292.94,6.06,34.62,0.25,False,8,0,
T00648,NGO003,13033.14,97.92,36.87,0.24,False,13,1,Donation sat unspent for 98 days before disbursement
T00649,NGO003,15581.04,5.85,37.9,0.26,False,15,0,
T00650,NGO003,10391.55,5.23,34.17,0.21,False,15,0,
T00651,NGO003,15498.15,3.54,37.91,0.27,False,13,0,
T00652,NGO003,17878.61,5.72,35.41,0.22,False,13,0,
T00653,NGO004,18705.08,1.12,24.32,0.33,False,8,0,
T00654,NGO004,12278.13,9.01,21.96,0.32,False,10,0,
T00655,NGO004,18572.99,2.02,21.48,0.3,False,15,0,
T00656,NGO004,13825.23,0.23,23.2,0.34,False,12,0,
T00657,NGO004,9834.77,4.52,22.3,0.35,False,10,0,
T00658,NGO004,19453.81,6.54,27.36,0.36,False,11,0,
T00659,NGO004,38693.49,6.21,21.54,0.32,False,10,0,
T00660,NGO004,7298.9,2.35,23.93,0.32,False,14,0,
T00661,NGO004,36142.53,6.05,25.82,0.39,False,13,0,
T00662,NGO004,8454.1,2.21,18.07,0.33,False,12,0,
T00663,NGO004,22170.49,5.6,24.66,0.33,False,16,0,
T00664,NGO004,11955.76,2.47,24.92,0.38,False,14,0,
T00665,NGO004,8207.74,2.68,19.25,0.39,False,13,0,
T00666,NGO004,8987.55,3.1,22.52,0.33,False,10,0,
T00667,NGO004,31282.94,11.02,20.5,0.39,False,11,0,
T00668,NGO004,21883.9,4.43,24.93,0.38,False,9,0,
T00669,NGO004,8861.98,9.44,23.88,0.33,False,23,1,Disbursement created at unusual hour (23:00)
T00670,NGO004,7624.3,5.98,22.81,0.33,False,10,0,
T00671,NGO004,23493.97,3.58,26.46,0.35,False,17,0,
T00672,NGO004,61563.2,2.71,19.02,0.32,False,16,0,
T00673,NGO004,22924.47,10.53,22.73,0.3,False,15,0,
T00674,NGO004,10321.79,0.47,20.78,0.34,False,14,0,
T00675,NGO004,23958.45,5.24,27.99,0.36,False,11,0,
T00676,NGO004,29342.1,4.82,26.46,0.39,False,15,0,
T00677,NGO004,13589.31,9.28,23.08,0.33,False,11,0,
T00678,NGO004,47429.21,9.98,19.23,0.36,False,10,0,
T00679,NGO004,11385.31,3.21,23.1,0.4,False,10,0,
T00680,NGO004,3929.91,11.57,24.13,0.34,False,8,0,
T00681,NGO004,24685.6,2.44,24.0,0.38,False,14,0,
T00682,NGO004,10978.08,8.66,25.74,0.35,False,14,0,
T00683,NGO004,11917.27,6.59,26.48,0.33,False,8,0,
T00684,NGO004,37348.57,4.76,26.19,0.36,False,14,0,
T00685,NGO004,8395.92,5.25,24.4,0.4,False,9,0,
T00686,NGO004,21726.85,5.72,22.74,0.38,False,13,0,
T00687,NGO004,22556.06,5.75,24.45,0.35,False,7,0,
T00688,NGO004,18148.19,4.18,24.54,0.36,False,7,0,
T00689,NGO004,8668.1,7.04,27.83,0.3,False,13,0,
T00690,NGO004,17469.99,7.7,20.3,0.39,False,17,0,
T00691,NGO004,5261.22,7.07,19.22,0.35,False,11,0,
T00692,NGO004,21564.04,11.77,21.13,0.3,False,11,0,
T00693,NGO004,22091.17,5.42,23.47,0.37,False,16,0,
T00694,NGO004,10174.63,0.23,22.49,0.63,False,14,1,NGO has unusually high pending/unverified disbursement ratio (63%)
T00695,NGO004,60774.25,7.13,23.15,0.3,False,10,0,
T00696,NGO004,15218.93,4.54,25.35,0.35,False,8,0,
T00697,NGO004,17413.77,3.98,26.99,0.34,False,11,0,
T00698,NGO004,6840.3,12.51,19.18,0.29,False,23,1,Disbursement created at unusual hour (23:00)
T00699,NGO004,18390.31,5.02,24.3,0.38,False,9,0,
T00700,NGO004,28208.15,2.55,14.94,0.32,False,15,0,
T00701,NGO004,26383.54,5.91,26.23,0.41,False,10,0,
T00702,NGO004,8295.13,8.1,31.9,0.34,False,14,0,
T00703,NGO004,18572.27,4.38,23.83,0.37,False,13,0,
T00704,NGO004,9361.66,8.89,22.74,0.37,False,13,0,
T00705,NGO004,13122.97,3.7,25.74,0.38,False,10,0,
T00706,NGO004,11887.35,1.39,23.02,0.33,False,13,0,
T00707,NGO004,8558.68,5.69,22.58,0.34,False,11,0,
T00708,NGO004,36653.58,9.93,22.78,0.37,False,13,0,
T00709,NGO004,14781.04,6.49,23.95,0.36,False,14,0,
T00710,NGO004,14827.18,9.7,20.36,0.36,False,11,0,
T00711,NGO004,14930.24,4.13,20.51,0.31,False,16,0,
T00712,NGO004,12441.22,5.4,24.15,0.38,False,10,0,
T00713,NGO004,8988.35,12.35,20.93,0.37,False,12,0,
T00714,NGO004,13680.03,4.64,20.33,0.33,False,12,0,
T00715,NGO004,41208.16,9.0,28.55,0.33,False,13,0,
T00716,NGO004,3860.8,9.21,27.27,0.78,False,11,1,NGO has unusually high pending/unverified disbursement ratio (78%)
T00717,NGO004,4944.48,4.46,28.81,0.35,False,15,0,
T00718,NGO004,15536.67,10.86,22.99,0.37,False,14,0,
T00719,NGO004,9672.34,5.46,22.51,0.36,False,11,0,
T00720,NGO004,27234.44,9.73,23.48,0.38,False,17,0,
T00721,NGO004,44644.12,6.34,26.88,0.33,False,12,0,
T00722,NGO004,14580.76,5.79,21.52,0.32,False,9,0,
T00723,NGO004,9078.16,6.18,23.79,0.36,False,12,0,
T00724,NGO004,16975.48,8.03,23.06,0.29,False,11,0,
T00725,NGO004,18742.69,3.32,27.63,0.36,False,15,0,
T00726,NGO004,16508.69,8.04,23.4,0.35,False,11,0,
T00727,NGO004,14620.55,0.88,24.43,0.34,False,14,0,
T00728,NGO004,26155.12,4.8,27.01,0.4,False,11,0,
T00729,NGO004,44485.58,5.29,19.07,0.33,False,16,0,
T00730,NGO004,11789.24,6.54,24.76,0.4,False,16,0,
T00731,NGO004,47127.19,7.05,21.07,0.37,False,14,0,
T00732,NGO004,13775.59,5.77,23.01,0.34,False,11,0,
T00733,NGO004,10264.66,7.16,24.39,0.36,False,12,0,
T00734,NGO004,14798.56,4.2,26.75,0.32,False,14,0,
T00735,NGO004,12017.47,4.76,22.03,0.33,False,16,0,
T00736,NGO004,16730.29,8.92,27.36,0.34,False,14,0,
T00737,NGO004,18378.98,7.73,20.52,0.34,False,14,0,
T00738,NGO004,6877.36,6.77,20.54,0.37,False,21,0,
T00739,NGO004,12502.39,8.77,21.82,0.32,False,12,0,
T00740,NGO004,12876.12,5.18,24.18,0.35,False,13,0,
T00741,NGO004,17099.72,10.78,120.76,0.39,False,16,1,Unusually slow bill verification for this NGO (121h)
T00742,NGO004,22598.12,5.76,16.27,0.35,False,12,0,
T00743,NGO004,10980.24,1.42,26.33,0.36,False,7,0,
T00744,NGO004,10821.25,3.73,24.51,0.35,False,10,0,
T00745,NGO004,21956.31,4.95,24.22,0.33,False,15,0,
T00746,NGO004,10513.26,6.01,22.73,0.34,False,16,0,
T00747,NGO004,29615.54,3.05,19.45,0.32,False,10,0,
T00748,NGO004,15090.77,4.33,21.47,0.33,False,15,0,
T00749,NGO004,14901.93,9.25,26.87,0.42,False,6,0,
T00750,NGO004,9814.71,6.39,18.33,0.32,False,14,0,
T00751,NGO004,12731.83,11.24,23.31,0.33,False,14,0,
T00752,NGO004,14680.57,4.65,23.91,0.4,False,7,0,
T00753,NGO004,8278.57,5.51,26.23,0.3,False,14,0,
T00754,NGO004,13837.02,4.41,23.24,0.39,False,12,0,
T00755,NGO004,11653.58,8.27,23.45,0.38,False,9,0,
T00756,NGO004,9929.99,6.57,20.77,0.44,False,8,0,
T00757,NGO004,20523.68,5.29,20.3,0.34,False,15,0,
T00758,NGO004,33459.62,2.13,25.13,0.37,False,12,0,
T00759,NGO004,31034.79,4.76,23.31,0.36,False,21,0,
T00760,NGO004,18911.99,5.33,24.18,0.3,False,5,0,
T00761,NGO004,40596.14,9.32,22.06,0.3,False,13,0,
T00762,NGO004,11635.35,14.89,26.68,0.37,False,10,0,
T00763,NGO004,7708.29,7.26,27.06,0.36,False,12,0,
T00764,NGO004,30539.83,8.02,22.97,0.37,False,12,0,
T00765,NGO004,28894.75,7.59,25.96,0.38,False,11,0,
T00766,NGO004,15042.48,3.87,24.35,0.35,False,14,0,
T00767,NGO004,16385.9,11.19,20.23,0.35,False,12,0,
T00768,NGO004,21869.02,2.41,27.16,0.37,False,8,0,
T00769,NGO004,17378.53,11.41,331.86,0.39,False,20,1,Unusually slow bill verification for this NGO (332h)
T00770,NGO004,25674.52,4.52,21.96,0.38,False,13,0,
T00771,NGO004,17199.83,4.22,21.84,0.38,False,1,1,Disbursement created at unusual hour (1:00)
T00772,NGO004,6375.64,8.12,21.95,0.38,False,16,0,
T00773,NGO004,8816.67,8.94,20.16,0.38,False,14,0,
T00774,NGO004,34454.53,0.43,23.98,0.38,False,8,0,
T00775,NGO004,29350.92,7.66,23.35,0.41,False,12,0,
T00776,NGO004,18425.75,4.57,293.94,0.37,False,15,1,Unusually slow bill verification for this NGO (294h)
T00777,NGO004,13524.65,5.97,21.43,0.33,False,10,0,
T00778,NGO004,25947.53,0.36,26.25,0.35,False,16,0,
T00779,NGO004,14953.93,9.76,25.11,0.34,False,14,0,
T00780,NGO004,8134.41,11.73,24.88,0.35,False,8,0,
T00781,NGO004,25821.71,0.48,30.65,0.43,False,12,0,
T00782,NGO004,9802.88,8.17,24.94,0.32,False,13,0,
T00783,NGO004,8104.57,4.11,22.67,0.31,False,9,0,
T00784,NGO004,16621.97,2.85,21.88,0.35,False,12,0,
T00785,NGO004,12595.59,4.95,22.45,0.36,False,14,0,
T00786,NGO004,13161.92,4.16,14.65,0.32,False,13,0,
T00787,NGO004,23166.05,1.99,26.64,0.34,False,11,0,
T00788,NGO004,9390.15,7.94,26.59,0.33,False,7,0,
T00789,NGO004,25599.86,6.47,28.65,0.32,False,12,0,
T00790,NGO004,15165.1,4.48,22.91,0.35,False,18,0,
T00791,NGO004,11411.02,7.86,22.22,0.34,False,8,0,
T00792,NGO004,6025.17,7.61,24.28,0.38,False,15,0,
T00793,NGO004,10495.11,2.82,21.26,0.35,False,13,0,
T00794,NGO004,16665.85,6.0,28.41,0.35,False,9,0,
T00795,NGO004,17220.91,4.99,22.27,0.37,False,15,0,
T00796,NGO004,14249.76,3.07,25.96,0.34,False,13,0,
T00797,NGO004,13168.38,0.82,20.37,0.33,False,15,0,
T00798,NGO004,19095.4,7.84,20.85,0.31,False,16,0,
T00799,NGO004,19557.62,6.42,20.53,0.41,False,3,1,Disbursement created at unusual hour (3:00)
T00800,NGO004,17418.77,11.0,22.22,0.37,False,11,0,
T00801,NGO004,11305.52,3.8,26.74,0.36,False,8,0,
T00802,NGO004,12129.34,4.21,29.3,0.3,False,12,0,
T00803,NGO004,5380.11,2.5,25.9,0.35,False,12,0,
T00804,NGO004,35030.12,5.3,31.37,0.34,False,8,0,
T00805,NGO004,14232.19,7.88,23.59,0.36,False,15,0,
T00806,NGO004,53381.03,3.6,22.71,0.32,False,19,0,
T00807,NGO004,11955.34,4.59,25.61,0.34,False,11,0,
T00808,NGO004,40779.86,2.3,26.33,0.32,False,13,0,
T00809,NGO004,21250.66,2.83,25.92,0.32,False,15,0,
T00810,NGO004,29977.67,2.48,21.09,0.37,False,16,0,
T00811,NGO004,10531.49,3.15,19.12,0.33,False,12,0,
T00812,NGO004,18651.85,5.12,24.27,0.36,False,11,0,
T00813,NGO004,17491.54,4.59,20.47,0.3,False,14,0,
T00814,NGO004,22424.02,5.63,25.22,0.34,False,17,0,
T00815,NGO004,11677.36,7.78,24.68,0.36,False,13,0,
T00816,NGO004,15981.05,6.38,19.92,0.4,False,15,0,
T00817,NGO004,24283.56,6.34,26.47,0.36,False,3,1,Disbursement created at unusual hour (3:00)
T00818,NGO004,13808.5,6.63,21.99,0.39,False,13,0,
T00819,NGO004,20408.36,3.11,23.86,0.34,False,9,0,
T00820,NGO004,19865.65,3.63,23.56,0.31,False,15,0,
T00821,NGO004,2966.63,6.39,21.79,0.36,False,18,0,
T00822,NGO004,49774.44,9.31,22.68,0.34,False,11,0,
T00823,NGO004,20241.23,4.02,24.21,0.32,False,16,0,
T00824,NGO004,11795.96,2.19,25.46,0.37,False,14,0,
T00825,NGO004,18838.3,9.07,22.85,0.32,False,14,0,
T00826,NGO004,10274.91,6.05,20.53,0.37,False,13,0,
T00827,NGO004,29530.93,5.02,13.63,0.32,False,16,0,
T00828,NGO004,16017.38,0.93,20.52,0.43,False,12,0,
T00829,NGO004,15728.19,10.36,21.25,0.34,False,10,0,
T00830,NGO004,12254.8,7.46,17.61,0.28,False,15,0,
T00831,NGO004,15451.17,7.13,20.87,0.32,False,17,0,
T00832,NGO004,14162.41,10.28,22.2,0.37,False,7,0,
T00833,NGO004,13422.44,7.24,22.43,0.37,False,10,0,
T00834,NGO004,30842.67,5.53,22.9,0.32,False,12,0,
T00835,NGO004,23721.06,5.4,18.33,0.36,False,16,0,
T00836,NGO004,33030.1,8.61,19.89,0.36,False,14,0,
T00837,NGO004,10448.68,4.61,20.95,0.3,False,13,0,
T00838,NGO004,39368.22,8.06,23.03,0.38,False,14,0,
T00839,NGO004,10437.92,5.14,24.34,0.36,False,13,0,
T00840,NGO004,8077.75,7.59,23.9,0.38,False,20,0,
T00841,NGO004,11243.5,7.25,22.63,0.35,False,9,0,
T00842,NGO004,10343.32,5.77,18.4,0.35,False,12,0,
T00843,NGO004,12163.17,6.45,23.59,0.38,False,20,0,
T00844,NGO004,30505.02,4.18,20.41,0.31,False,14,0,
T00845,NGO004,22500.04,7.84,21.22,0.33,False,14,0,
T00846,NGO004,10515.37,3.44,24.88,0.37,False,11,0,
T00847,NGO004,18225.16,4.73,25.7,0.34,False,10,0,
T00848,NGO004,18767.61,3.53,19.8,0.33,False,12,0,
T00849,NGO004,14188.9,3.1,27.08,0.33,False,11,0,
T00850,NGO004,20087.15,2.92,22.33,0.37,False,15,0,
T00851,NGO004,10440.45,5.18,20.77,0.36,False,16,0,
T00852,NGO004,5863.07,2.18,24.09,0.38,False,11,0,
T00853,NGO004,26629.83,7.1,23.75,0.32,False,15,0,
T00854,NGO004,25475.6,7.34,21.95,0.33,False,13,0,
T00855,NGO004,12379.98,2.98,23.3,0.34,False,19,0,
T00856,NGO004,26690.75,4.62,25.08,0.35,False,16,0,
T00857,NGO004,13907.32,4.22,19.28,0.38,False,19,0,
T00858,NGO004,31559.67,3.78,19.45,0.33,False,14,0,
T00859,NGO004,37832.01,7.1,20.7,0.37,False,16,0,
T00860,NGO004,18196.28,5.85,24.96,0.34,False,9,0,
T00861,NGO004,25347.13,4.82,22.47,0.37,False,13,0,
T00862,NGO004,13011.04,5.12,27.81,0.39,False,12,0,
T00863,NGO004,5219.93,3.14,24.77,0.28,False,11,0,
T00864,NGO004,30560.84,2.41,26.11,0.35,False,12,0,
T00865,NGO004,45336.19,8.91,23.71,0.34,False,22,0,
T00866,NGO004,23031.71,5.66,25.15,0.33,False,12,0,
T00867,NGO004,19379.25,11.35,249.0,0.35,False,10,1,Unusually slow bill verification for this NGO (249h)
T00868,NGO004,21738.2,8.2,19.63,0.38,False,14,0,
T00869,NGO004,14835.06,5.02,23.62,0.35,False,11,0,
T00870,NGO004,16515.03,0.31,29.58,0.35,False,14,0,
T00871,NGO004,6790.77,5.37,16.04,0.3,False,7,0,
T00872,NGO004,29028.79,9.86,23.5,0.31,False,16,0,
T00873,NGO004,18543.37,8.7,22.05,0.35,False,12,0,
T00874,NGO004,6718.51,10.87,24.6,0.36,False,7,0,
T00875,NGO004,37399.28,4.44,23.41,0.29,False,11,0,
T00876,NGO004,5719.01,8.19,24.51,0.36,False,12,0,
T00877,NGO004,13641.18,8.22,23.84,0.29,False,15,0,
T00878,NGO004,13170.72,4.99,19.43,0.37,False,12,0,
T00879,NGO004,19313.15,6.01,21.37,0.34,False,11,0,
T00880,NGO004,6672.97,7.83,18.79,0.35,False,13,0,
T00881,NGO004,38140.57,6.26,28.68,0.41,False,7,0,
T00882,NGO004,18431.59,8.87,30.43,0.79,False,14,1,NGO has unusually high pending/unverified disbursement ratio (79%)
T00883,NGO004,23036.27,5.17,24.81,0.31,False,11,0,
T00884,NGO004,15421.72,8.67,20.09,0.32,False,13,0,
T00885,NGO004,24061.56,9.57,24.9,0.38,False,13,0,
T00886,NGO004,25414.54,2.78,23.7,0.33,False,20,0,
T00887,NGO004,23266.52,5.96,19.75,0.29,False,15,0,
T00888,NGO004,38259.13,1.86,22.15,0.34,False,12,0,
T00889,NGO004,11410.92,7.83,23.3,0.32,False,14,0,
T00890,NGO004,23547.61,7.31,25.99,0.36,False,14,0,
T00891,NGO004,22482.09,4.65,22.12,0.33,False,14,0,
T00892,NGO004,11585.26,9.1,22.23,0.37,False,13,0,
T00893,NGO004,25309.45,2.47,23.15,0.38,False,9,0,
T00894,NGO004,20554.62,3.39,23.42,0.35,False,21,0,
T00895,NGO004,5642.21,3.98,31.11,0.37,False,10,0,
T00896,NGO004,35323.06,3.7,20.07,0.36,False,9,0,
T00897,NGO004,34639.37,3.0,17.27,0.38,False,17,0,
T00898,NGO004,15000.0,6.66,22.11,0.34,True,14,1,"Round-number amount, possible structuring"
T00899,NGO004,18768.49,4.13,21.05,0.27,False,12,0,
T00900,NGO004,36002.89,9.09,22.44,0.32,False,15,0,
T00901,NGO004,18866.57,5.53,26.45,0.42,False,7,0,
T00902,NGO004,32092.1,2.92,23.64,0.35,False,9,0,
T00903,NGO005,19149.48,4.48,13.61,0.27,False,18,0,
T00904,NGO005,16438.77,4.78,7.51,0.35,False,13,0,
T00905,NGO005,22699.93,8.87,20.57,0.33,False,9,0,
T00906,NGO005,14167.14,12.64,16.32,0.33,False,12,0,
T00907,NGO005,15427.44,3.47,17.4,0.33,False,15,0,
T00908,NGO005,16198.64,8.63,14.56,0.32,False,14,0,
T00909,NGO005,9593.29,4.38,13.75,0.27,False,10,0,
T00910,NGO005,8746.36,7.84,9.97,0.25,False,10,0,
T00911,NGO005,18955.17,7.25,18.72,0.29,False,16,0,
T00912,NGO005,12072.1,7.08,18.05,0.32,False,8,0,
T00913,NGO005,8435.05,8.1,13.92,0.33,False,8,0,
T00914,NGO005,8147.58,8.03,11.91,0.32,False,17,0,
T00915,NGO005,8355.76,10.09,13.33,0.34,False,17,0,
T00916,NGO005,20976.93,4.84,9.54,0.37,False,14,0,
T00917,NGO005,14548.34,5.06,17.72,0.33,False,12,0,
T00918,NGO005,29589.11,1.5,14.11,0.34,False,10,0,
T00919,NGO005,14047.15,9.7,12.73,0.32,False,11,0,
T00920,NGO005,14140.95,5.46,19.26,0.28,False,11,0,
T00921,NGO005,29623.08,6.63,15.74,0.31,False,11,0,
T00922,NGO005,18394.21,1.17,13.05,0.26,False,14,0,
T00923,NGO005,18786.5,9.58,12.83,0.3,False,11,0,
T00924,NGO005,10500.31,7.31,14.23,0.29,False,12,0,
T00925,NGO005,9139.77,7.28,10.04,0.29,False,12,0,
T00926,NGO005,40993.66,5.52,13.69,0.33,False,2,0,
T00927,NGO005,22869.83,7.13,15.65,0.35,False,11,0,
T00928,NGO005,26694.18,4.95,9.27,0.29,False,12,0,
T00929,NGO005,14696.54,1.51,19.24,0.3,False,11,0,
T00930,NGO005,39101.54,9.22,12.99,0.31,False,17,0,
T00931,NGO005,20689.83,8.22,22.86,0.24,False,14,0,
T00932,NGO005,12011.0,7.98,11.93,0.33,False,12,0,
T00933,NGO005,25932.79,6.07,19.2,0.27,False,9,0,
T00934,NGO005,4925.19,9.28,10.72,0.32,False,12,0,
T00935,NGO005,5761.66,6.93,11.58,0.3,False,14,0,
T00936,NGO005,17155.97,6.62,12.98,0.34,False,11,0,
T00937,NGO005,12214.85,4.43,12.85,0.34,False,10,0,
T00938,NGO005,23260.86,8.05,14.99,0.28,False,11,0,
T00939,NGO005,27154.18,5.73,14.61,0.33,False,15,0,
T00940,NGO005,16138.22,1.63,13.88,0.27,False,15,0,
T00941,NGO005,23821.96,4.16,14.98,0.35,False,14,0,
T00942,NGO005,15787.59,3.91,12.28,0.3,False,9,0,
T00943,NGO005,7766.89,11.3,16.11,0.27,False,11,0,
T00944,NGO005,17343.75,10.01,18.17,0.27,False,16,0,
T00945,NGO005,9228.3,5.39,15.04,0.33,False,16,0,
T00946,NGO005,10813.46,8.87,13.4,0.32,False,15,0,
T00947,NGO005,37552.48,7.15,14.03,0.3,False,12,0,
T00948,NGO005,40143.15,7.86,8.75,0.35,False,16,0,
T00949,NGO005,4396.8,8.24,15.55,0.32,False,10,0,
T00950,NGO005,13207.61,10.22,11.52,0.27,False,12,0,
T00951,NGO005,15203.78,4.04,8.56,0.36,False,15,0,
T00952,NGO005,21878.59,8.21,15.33,0.32,False,13,0,
T00953,NGO005,9152.93,1.6,14.47,0.31,False,13,0,
T00954,NGO005,24359.7,5.24,17.16,0.3,False,13,0,
T00955,NGO005,21536.83,7.88,11.43,0.27,False,10,0,
T00956,NGO005,11340.69,4.14,17.73,0.31,False,8,0,
T00957,NGO005,14785.64,5.67,19.02,0.29,False,16,0,
T00958,NGO005,18320.45,7.38,19.05,0.29,False,12,0,
T00959,NGO005,9130.71,4.94,11.45,0.34,False,18,0,
T00960,NGO005,40882.51,4.47,17.34,0.36,False,6,0,
T00961,NGO005,12449.35,9.98,12.23,0.32,False,12,0,
T00962,NGO005,23185.27,9.16,15.04,0.33,False,13,0,
T00963,NGO005,9181.62,5.92,13.27,0.33,False,13,0,
T00964,NGO005,23850.02,4.66,16.16,0.3,False,13,0,
T00965,NGO005,13504.32,4.88,12.21,0.25,False,10,0,
T00966,NGO005,18148.78,6.89,11.32,0.34,False,19,0,
T00967,NGO005,31012.03,3.83,13.21,0.23,False,16,0,
T00968,NGO005,38069.86,6.67,16.65,0.3,False,10,0,
T00969,NGO005,20438.82,5.17,15.49,0.32,False,12,0,
T00970,NGO005,15413.93,7.46,14.17,0.74,False,11,1,NGO has unusually high pending/unverified disbursement ratio (74%)
T00971,NGO005,26749.42,6.11,17.13,0.36,False,16,0,
T00972,NGO005,17175.46,3.67,15.05,0.28,False,9,0,
T00973,NGO005,13681.34,0.66,12.33,0.33,False,18,0,
T00974,NGO005,15465.41,10.47,18.48,0.32,False,11,0,
T00975,NGO005,17734.58,6.9,12.8,0.33,False,19,0,
T00976,NGO005,9373.56,5.04,16.78,0.31,False,16,0,
T00977,NGO005,24792.05,0.77,13.32,0.36,False,17,0,
T00978,NGO005,27343.99,0.95,14.26,0.31,False,8,0,
T00979,NGO005,34827.31,3.99,14.98,0.28,False,13,0,
T00980,NGO005,7235.82,10.16,13.8,0.29,False,15,0,
T00981,NGO005,6300.32,10.0,22.64,0.31,False,11,0,
T00982,NGO005,77140.35,7.35,13.75,0.28,False,13,0,
T00983,NGO005,9670.63,4.97,12.13,0.31,False,11,0,
T00984,NGO005,7174.43,5.37,19.42,0.29,False,10,0,
T00985,NGO005,19582.79,2.86,20.28,0.33,False,11,0,
T00986,NGO005,10830.89,5.51,15.07,0.29,False,12,0,
T00987,NGO005,13510.69,0.26,18.07,0.32,False,10,0,
T00988,NGO005,46365.19,0.59,15.95,0.31,False,11,0,
T00989,NGO005,20272.47,4.72,16.5,0.3,False,14,0,
T00990,NGO005,5723.18,1.13,14.04,0.33,False,9,0,
T00991,NGO005,12754.27,0.04,8.52,0.3,False,13,1,Disbursed within hours of donation arriving
T00992,NGO005,15853.13,90.45,13.46,0.36,False,11,1,Donation sat unspent for 90 days before disbursement
T00993,NGO005,8224.24,7.57,24.42,0.32,False,13,0,
T00994,NGO005,15825.0,4.85,15.75,0.31,False,10,0,
T00995,NGO005,4683.38,5.37,12.44,0.32,False,8,0,
T00996,NGO005,12310.72,4.44,17.71,0.31,False,14,0,
T00997,NGO005,11818.35,5.44,12.96,0.37,False,8,0,
T00998,NGO005,77530.18,8.09,12.64,0.32,False,9,0,
T00999,NGO005,4907.54,6.82,17.69,0.27,False,15,0,
T01000,NGO005,16785.35,5.68,20.97,0.26,False,13,0,
T01001,NGO005,45165.09,5.21,14.63,0.32,False,12,0,
T01002,NGO005,11771.44,7.53,13.2,0.32,False,12,0,
T01003,NGO005,46723.37,0.52,14.94,0.35,False,12,0,
T01004,NGO005,4509.79,9.31,19.47,0.32,False,10,0,
T01005,NGO005,16802.23,3.54,19.82,0.26,False,12,0,
T01006,NGO005,10264.04,6.1,15.95,0.28,False,16,0,
T01007,NGO005,45419.26,3.16,9.85,0.32,False,13,0,
T01008,NGO005,23536.77,6.55,13.89,0.25,False,17,0,
T01009,NGO005,23487.22,2.68,10.78,0.37,False,8,0,
T01010,NGO005,13450.89,14.78,12.16,0.28,False,11,0,
T01011,NGO005,9999.52,7.88,12.43,0.36,False,10,0,
T01012,NGO005,4212.92,5.1,13.25,0.35,False,16,0,
T01013,NGO005,7658.92,5.46,14.67,0.32,False,10,0,
T01014,NGO005,9800.15,4.09,15.77,0.32,False,10,0,
T01015,NGO005,21342.43,11.3,17.5,0.27,False,13,0,
T01016,NGO005,9333.86,8.02,10.65,0.27,False,18,0,
T01017,NGO005,15084.51,0.93,17.29,0.3,False,8,0,
T01018,NGO005,7361.76,7.35,18.17,0.26,False,16,0,
T01019,NGO005,4130.63,6.94,21.42,0.31,False,7,0,
T01020,NGO005,11257.8,5.47,6.45,0.36,False,10,0,
T01021,NGO005,17250.02,7.41,14.79,0.31,False,8,0,
T01022,NGO005,9208.74,7.94,11.85,0.35,False,13,0,
T01023,NGO005,17848.71,2.81,14.8,0.33,False,15,0,
T01024,NGO005,6712.54,9.54,16.36,0.28,False,10,0,
T01025,NGO005,14960.77,4.39,23.82,0.32,False,10,0,
T01026,NGO005,33765.4,9.73,21.84,0.27,False,15,0,
T01027,NGO005,13896.03,4.79,18.87,0.31,False,15,0,
T01028,NGO005,23672.85,1.0,10.66,0.31,False,13,0,
T01029,NGO005,24021.05,4.42,15.92,0.31,False,18,0,
T01030,NGO005,9543.52,3.56,21.46,0.31,False,8,0,
T01031,NGO005,22734.3,8.39,12.84,0.32,False,13,0,
T01032,NGO005,44134.04,8.06,8.69,0.32,False,11,0,
T01033,NGO005,19170.42,2.4,16.51,0.32,False,23,1,Disbursement created at unusual hour (23:00)
T01034,NGO005,31786.68,0.25,12.04,0.29,False,18,1,Disbursed within hours of donation arriving
T01035,NGO005,23473.74,5.75,13.72,0.35,False,15,0,
T01036,NGO005,10087.09,7.51,13.44,0.33,False,12,0,
T01037,NGO005,20736.54,7.67,15.72,0.32,False,8,0,
T01038,NGO005,25255.54,5.71,18.84,0.31,False,11,0,
T01039,NGO005,22363.86,2.97,15.9,0.3,False,16,0,
T01040,NGO005,8839.24,5.14,11.92,0.32,False,10,0,
T01041,NGO005,28408.38,6.21,15.63,0.28,False,4,1,Disbursement created at unusual hour (4:00)
T01042,NGO005,12939.44,3.42,16.1,0.37,False,12,0,
T01043,NGO005,33476.43,6.87,13.58,0.33,False,13,0,
T01044,NGO005,11894.36,7.39,17.3,0.3,False,15,0,
T01045,NGO005,15531.16,6.1,17.43,0.33,False,17,0,
T01046,NGO005,12620.07,6.03,16.14,0.31,False,15,0,
T01047,NGO005,18888.03,5.57,16.04,0.27,False,17,0,
T01048,NGO005,20113.42,3.68,13.55,0.35,False,15,0,
T01049,NGO005,11448.31,7.29,15.77,0.34,False,12,0,
T01050,NGO005,9075.25,5.14,16.6,0.29,False,13,0,
T01051,NGO005,44129.06,47.51,13.35,0.34,False,12,1,Donation sat unspent for 48 days before disbursement
T01052,NGO005,14446.78,5.07,10.5,0.32,False,12,0,
T01053,NGO005,20315.64,6.74,17.26,0.31,False,17,0,
T01054,NGO005,66031.75,6.7,12.99,0.29,False,13,0,
T01055,NGO005,21600.84,3.82,14.11,0.25,False,9,0,
T01056,NGO005,19834.55,9.12,11.35,0.33,False,10,0,
T01057,NGO005,7015.43,4.64,12.61,0.34,False,14,0,
T01058,NGO005,8284.02,10.59,12.81,0.35,False,17,0,
T01059,NGO005,10375.34,5.24,15.24,0.37,False,9,0,
T01060,NGO005,25825.36,9.27,13.43,0.31,False,15,0,
T01061,NGO005,5031.57,5.56,19.13,0.38,False,11,0,
T01062,NGO005,7419.58,3.68,12.53,0.33,False,14,0,
T01063,NGO005,7220.45,4.87,10.12,0.31,False,7,0,
T01064,NGO005,26622.33,10.74,13.31,0.34,False,12,0,
T01065,NGO005,24128.67,0.23,11.12,0.3,False,19,0,
T01066,NGO005,9735.9,8.89,14.23,0.26,False,18,0,
T01067,NGO005,33644.25,5.57,18.52,0.32,False,9,0,
T01068,NGO005,16171.82,9.25,11.92,0.65,False,15,1,NGO has unusually high pending/unverified disbursement ratio (65%)
T01069,NGO005,42209.35,3.04,14.47,0.34,False,7,0,
T01070,NGO005,36019.58,5.15,11.3,0.35,False,14,0,
T01071,NGO005,28740.83,1.23,10.74,0.3,False,8,0,
T01072,NGO005,6050.02,6.08,12.42,0.3,False,21,0,
T01073,NGO005,22198.08,5.56,23.2,0.29,False,11,0,
T01074,NGO005,25288.31,5.54,20.74,0.27,False,7,0,
T01075,NGO005,29667.06,3.97,14.75,0.36,False,12,0,
T01076,NGO005,14536.98,7.74,18.29,0.3,False,17,0,
T01077,NGO005,34607.86,7.66,11.17,0.23,False,10,0,
T01078,NGO005,19164.05,2.57,11.75,0.29,False,13,0,
T01079,NGO005,9911.02,9.53,12.2,0.31,False,18,0,
T01080,NGO005,25872.67,7.88,18.48,0.28,False,11,0,
T01081,NGO005,28459.68,8.06,17.54,0.29,False,8,0,
T01082,NGO005,22209.98,7.93,15.61,0.31,False,12,0,
T01083,NGO005,14305.61,8.01,14.3,0.31,False,15,0,
T01084,NGO005,11565.6,5.01,19.91,0.31,False,7,0,
T01085,NGO005,12405.92,8.5,12.5,0.32,False,14,0,
T01086,NGO005,18797.09,7.6,15.35,0.27,False,15,0,
T01087,NGO005,28813.7,8.7,12.06,0.27,False,11,0,
T01088,NGO005,15096.86,6.82,13.23,0.32,False,11,0,
T01089,NGO005,21913.68,1.35,10.31,0.29,False,11,0,
T01090,NGO005,25897.59,4.02,12.82,0.34,False,7,0,
T01091,NGO005,10466.65,8.07,10.47,0.35,False,14,0,
T01092,NGO005,18971.41,3.81,17.78,0.32,False,17,0,
T01093,NGO005,23776.08,5.8,17.47,0.33,False,12,0,
T01094,NGO005,6241.97,3.08,14.69,0.33,False,13,0,
T01095,NGO005,11481.75,9.71,16.63,0.28,False,15,0,
T01096,NGO005,13026.13,0.02,11.3,0.3,False,14,0,
T01097,NGO005,20288.67,3.96,14.54,0.3,False,14,0,
T01098,NGO005,6282.88,8.28,15.32,0.31,False,14,0,
T01099,NGO005,21418.94,6.9,19.55,0.24,False,16,0,
T01100,NGO005,14084.99,4.05,11.17,0.32,False,8,0,
T01101,NGO005,22572.0,5.23,19.65,0.29,False,12,0,
T01102,NGO005,12580.24,4.22,19.25,0.31,False,14,0,
T01103,NGO005,36789.83,9.04,16.03,0.3,False,12,0,
T01104,NGO005,13240.0,3.4,18.48,0.32,False,16,0,
T01105,NGO005,10805.79,5.07,17.28,0.3,False,13,0,
T01106,NGO005,12306.47,2.8,23.06,0.3,False,13,0,
T01107,NGO005,37973.61,8.79,18.08,0.3,False,7,0,
T01108,NGO005,7041.83,11.36,16.46,0.71,False,10,1,NGO has unusually high pending/unverified disbursement ratio (71%)
T01109,NGO005,33403.79,6.41,13.49,0.33,False,10,0,
T01110,NGO005,37252.1,5.35,12.1,0.24,False,11,0,
T01111,NGO005,17577.14,5.02,11.11,0.3,False,14,0,
T01112,NGO005,21814.1,8.87,10.96,0.28,False,10,0,
T01113,NGO005,10707.24,4.62,8.39,0.32,False,12,0,
T01114,NGO005,27822.39,4.44,11.41,0.35,False,9,0,
T01115,NGO005,11113.95,6.37,14.0,0.27,False,12,0,
T01116,NGO005,22686.08,4.31,14.04,0.31,False,11,0,
T01117,NGO005,21848.24,4.01,15.26,0.3,False,13,0,
T01118,NGO005,4405.43,2.59,12.04,0.33,False,14,0,
T01119,NGO005,23891.3,0.08,12.49,0.3,False,15,0,
T01120,NGO005,64481.7,10.22,14.46,0.29,False,13,0,
T01121,NGO005,27636.61,7.99,12.07,0.32,False,15,0,
T01122,NGO005,31258.28,0.77,12.38,0.28,False,2,1,Disbursement created at unusual hour (2:00)
T01123,NGO005,8121.09,11.36,13.9,0.33,False,13,0,
T01124,NGO005,18301.99,2.33,19.42,0.36,False,15,0,
T01125,NGO005,22572.84,13.62,15.35,0.36,False,7,0,
T01126,NGO005,25000.0,4.89,17.57,0.34,True,13,1,"Round-number amount, possible structuring"
T01127,NGO005,16494.46,0.06,16.88,0.32,False,17,1,Disbursed within hours of donation arriving
T01128,NGO005,32547.06,60.09,6.49,0.3,False,11,1,Donation sat unspent for 60 days before disbursement
T01129,NGO005,9925.36,0.6,5.38,0.35,False,8,0,
T01130,NGO005,38622.1,7.17,16.89,0.31,False,16,0,
T01131,NGO005,9519.41,7.96,13.0,0.31,False,12,0,
T01132,NGO005,17446.05,5.68,18.48,0.33,False,17,0,
T01133,NGO005,35600.73,4.98,17.24,0.31,False,4,0,
T01134,NGO005,8960.54,6.66,19.01,0.31,False,9,0,
T01135,NGO005,24363.72,7.78,15.04,0.3,False,16,0,
T01136,NGO005,21051.75,6.48,18.61,0.29,False,9,0,
T01137,NGO005,11400.92,6.13,16.27,0.3,False,11,0,
T01138,NGO005,12372.31,10.78,15.46,0.35,False,12,0,
T01139,NGO005,5330.3,2.27,16.69,0.36,False,9,0,
T01140,NGO005,13183.63,0.7,20.37,0.27,False,13,0,
T01141,NGO005,12756.82,7.96,16.49,0.31,False,15,0,
T01142,NGO005,6405.44,3.64,15.76,0.33,False,15,0,
T01143,NGO005,30317.83,5.53,15.14,0.33,False,13,0,
T01144,NGO005,24048.92,1.68,14.47,0.24,False,13,0,
T01145,NGO005,8958.61,5.57,19.69,0.32,False,13,0,
T01146,NGO005,8740.24,4.82,12.86,0.29,False,11,0,
T01147,NGO005,11279.83,6.41,14.2,0.26,False,13,0,
T01148,NGO005,15302.63,3.44,13.14,0.28,False,18,0,
T01149,NGO005,22985.36,11.43,17.12,0.34,False,14,0,
T01150,NGO005,11194.59,2.19,19.76,0.31,False,13,0,
T01151,NGO005,14010.16,7.45,13.93,0.26,False,7,0,
T01152,NGO005,18059.54,3.84,12.37,0.85,False,12,1,NGO has unusually high pending/unverified disbursement ratio (85%)
T01153,NGO005,33634.3,9.85,15.58,0.31,False,13,0,
T01154,NGO005,19340.45,6.09,12.45,0.29,False,11,0,
T01155,NGO005,15482.88,2.67,11.4,0.32,False,10,0,
T01156,NGO005,6141.02,7.42,13.04,0.3,False,14,0,
T01157,NGO005,33578.67,8.81,11.79,0.35,False,12,0,
T01158,NGO006,25331.06,3.75,9.16,0.25,False,12,0,
T01159,NGO006,38962.87,1.78,3.9,0.15,False,9,0,
T01160,NGO006,18739.26,8.56,11.94,0.19,False,13,0,
T01161,NGO006,6389.51,8.95,9.75,0.21,False,11,0,
T01162,NGO006,14720.3,6.06,8.71,0.16,False,10,0,
T01163,NGO006,10033.88,11.4,6.23,0.23,False,12,0,
T01164,NGO006,10342.22,2.19,7.58,0.18,False,10,0,
T01165,NGO006,10050.37,2.42,4.4,0.23,False,11,0,
T01166,NGO006,12808.29,4.92,9.14,0.22,False,14,0,
T01167,NGO006,10396.09,4.68,10.16,0.24,False,9,0,
T01168,NGO006,6403.23,75.6,8.17,0.2,False,13,1,Donation sat unspent for 76 days before disbursement
T01169,NGO006,24370.33,2.1,7.59,0.23,False,12,0,
T01170,NGO006,13324.4,9.61,8.26,0.2,False,12,0,
T01171,NGO006,12936.2,8.12,11.59,0.23,False,8,0,
T01172,NGO006,11116.59,5.4,12.43,0.24,False,17,0,
T01173,NGO006,6620.13,4.36,9.02,0.15,False,6,0,
T01174,NGO006,6193.88,3.27,10.32,0.19,False,9,0,
T01175,NGO006,5995.6,9.56,13.31,0.13,False,11,0,
T01176,NGO006,13066.33,0.11,3.79,0.2,False,11,0,
T01177,NGO006,43106.62,7.51,6.57,0.18,False,12,0,
T01178,NGO006,8781.83,5.48,6.92,0.21,False,10,0,
T01179,NGO006,12497.39,7.38,3.35,0.23,False,7,0,
T01180,NGO006,25313.99,4.09,6.54,0.25,False,10,0,
T01181,NGO006,16425.09,5.08,9.56,0.2,False,10,0,
T01182,NGO006,63167.67,2.64,5.97,0.2,False,7,0,
T01183,NGO006,10723.13,6.02,10.78,0.22,False,15,0,
T01184,NGO006,8207.01,11.8,9.0,0.2,False,16,0,
T01185,NGO006,10598.08,8.13,11.2,0.19,False,10,0,
T01186,NGO006,38405.86,1.96,5.54,0.21,False,10,0,
T01187,NGO006,4871.45,3.35,8.09,0.2,False,18,0,
T01188,NGO006,38172.89,4.1,7.94,0.23,False,23,0,
T01189,NGO006,18525.13,3.48,6.36,0.17,False,11,0,
T01190,NGO006,21977.93,5.88,3.81,0.23,False,13,0,
T01191,NGO006,22351.96,7.79,7.43,0.17,False,11,0,
T01192,NGO006,11040.41,0.33,12.25,0.18,False,16,0,
T01193,NGO006,12876.29,8.42,10.62,0.25,False,11,0,
T01194,NGO006,2588.53,6.77,6.34,0.21,False,10,0,
T01195,NGO006,9241.37,5.18,4.99,0.2,False,17,0,
T01196,NGO006,15100.61,6.74,8.2,0.22,False,14,0,
T01197,NGO006,14219.51,5.05,11.55,0.19,False,16,0,
T01198,NGO006,8050.17,0.62,11.48,0.14,False,15,0,
T01199,NGO006,28437.83,2.01,5.18,0.15,False,10,0,
T01200,NGO006,8197.76,6.28,13.65,0.28,False,13,0,
T01201,NGO006,17209.37,4.22,6.94,0.21,False,13,0,
T01202,NGO006,17464.22,4.26,8.0,0.19,False,15,0,
T01203,NGO006,14722.49,79.07,7.36,0.19,False,13,1,Donation sat unspent for 79 days before disbursement
T01204,NGO006,11142.84,7.39,9.88,0.21,False,15,0,
T01205,NGO006,14425.87,1.81,11.26,0.24,False,10,0,
T01206,NGO006,24458.49,6.36,10.69,0.21,False,11,0,
T01207,NGO006,20438.61,4.72,8.52,0.22,False,12,0,
T01208,NGO006,11256.2,4.79,4.59,0.21,False,12,0,
T01209,NGO006,16990.53,13.64,2.19,0.21,False,11,0,
T01210,NGO006,5000.0,7.52,1.64,0.21,True,15,1,"Round-number amount, possible structuring"
T01211,NGO006,7836.02,5.05,12.71,0.22,False,14,0,
T01212,NGO006,28142.26,9.33,9.12,0.17,False,12,0,
T01213,NGO006,12124.26,6.94,6.88,0.19,False,9,0,
T01214,NGO006,35934.44,8.93,6.48,0.17,False,10,0,
T01215,NGO006,16610.2,6.83,6.12,0.15,False,14,0,
T01216,NGO006,11420.85,1.71,9.16,0.23,False,11,0,
T01217,NGO006,35200.1,9.75,8.67,0.24,False,12,0,
T01218,NGO006,8021.85,8.9,13.04,0.15,False,10,0,
T01219,NGO006,28617.13,10.09,5.23,0.24,False,15,0,
T01220,NGO006,10510.59,12.66,5.59,0.24,False,10,0,
T01221,NGO006,17543.39,11.91,14.59,0.18,False,14,0,
T01222,NGO006,45748.17,4.39,11.95,0.18,False,13,0,
T01223,NGO006,25737.53,82.36,8.81,0.23,False,5,1,Donation sat unspent for 82 days before disbursement
T01224,NGO006,25140.17,3.37,4.01,0.19,False,12,0,
T01225,NGO006,8168.9,8.64,8.1,0.23,False,13,0,
T01226,NGO006,5639.82,3.06,8.72,0.24,False,10,0,
T01227,NGO006,14851.62,9.74,6.53,0.21,False,14,0,
T01228,NGO006,23928.75,4.69,5.71,0.18,False,12,0,
T01229,NGO006,22449.87,6.27,12.24,0.2,False,11,0,
T01230,NGO006,16843.73,7.78,8.53,0.19,False,14,0,
T01231,NGO006,20456.27,7.58,8.54,0.12,False,8,0,
T01232,NGO006,14308.19,6.93,9.66,0.21,False,5,0,
T01233,NGO006,25729.82,8.1,10.59,0.22,False,11,0,
T01234,NGO006,8903.36,9.5,5.91,0.17,False,11,0,
T01235,NGO006,8487.12,11.97,8.17,0.17,False,13,0,
T01236,NGO006,46318.14,4.55,7.49,0.19,False,14,0,
T01237,NGO006,11485.87,9.18,6.13,0.21,False,10,0,
T01238,NGO006,12771.18,8.19,5.44,0.2,False,15,0,
T01239,NGO006,5487.98,4.67,15.51,0.18,False,19,0,
T01240,NGO006,12906.94,7.35,7.92,0.25,False,8,0,
T01241,NGO006,17638.56,11.02,10.86,0.17,False,18,0,
T01242,NGO006,23232.35,13.1,7.1,0.16,False,11,0,
T01243,NGO006,42481.16,6.26,2.92,0.16,False,8,0,
T01244,NGO006,6548.16,5.39,17.58,0.2,False,9,0,
T01245,NGO006,40199.79,9.24,10.66,0.19,False,16,0,
T01246,NGO006,23287.4,5.23,9.06,0.17,False,10,0,
T01247,NGO006,14713.83,4.94,6.37,0.18,False,13,0,
T01248,NGO006,34810.84,0.14,3.82,0.21,False,10,1,Disbursed within hours of donation arriving
T01249,NGO006,10933.06,2.85,15.81,0.15,False,12,0,
T01250,NGO006,31965.78,6.44,12.07,0.2,False,9,0,
T01251,NGO006,16633.18,9.21,4.8,0.19,False,14,0,
T01252,NGO006,18270.85,7.0,3.54,0.23,False,18,0,
T01253,NGO006,6771.0,5.08,9.92,0.23,False,5,0,
T01254,NGO006,24133.94,5.42,12.11,0.3,False,13,0,
T01255,NGO006,12132.07,4.96,8.94,0.19,False,11,0,
T01256,NGO006,20271.45,3.5,7.15,0.19,False,12,0,
T01257,NGO006,8715.73,6.13,7.31,0.15,False,11,0,
T01258,NGO006,10456.1,4.97,11.71,0.22,False,14,0,
T01259,NGO006,22748.92,8.16,5.57,0.17,False,11,0,
T01260,NGO006,36845.87,7.63,6.26,0.21,False,17,0,
T01261,NGO006,9083.15,3.93,11.61,0.22,False,8,0,
T01262,NGO006,26323.09,6.1,11.17,0.21,False,14,0,
T01263,NGO006,20629.03,9.03,6.14,0.27,False,16,0,
T01264,NGO006,21768.42,13.41,4.94,0.25,False,11,0,
T01265,NGO006,16595.99,4.92,6.21,0.22,False,11,0,
T01266,NGO006,14719.87,5.88,13.0,0.19,False,15,0,
T01267,NGO006,33506.74,3.19,10.91,0.2,False,12,0,
T01268,NGO006,64985.98,5.54,9.65,0.22,False,8,0,
T01269,NGO006,16129.33,6.82,7.22,0.21,False,12,0,
T01270,NGO006,23918.98,6.2,10.94,0.19,False,10,0,
T01271,NGO006,19607.24,2.38,5.11,0.24,False,15,0,
T01272,NGO006,19770.2,1.8,6.26,0.23,False,13,0,
T01273,NGO006,7107.27,0.96,3.75,0.21,False,11,0,
T01274,NGO006,26447.76,13.84,9.44,0.21,False,10,0,
T01275,NGO006,17430.29,3.02,7.76,0.2,False,11,0,
T01276,NGO006,24341.6,12.15,5.6,0.2,False,17,0,
T01277,NGO006,22839.73,6.67,10.62,0.24,False,14,0,
T01278,NGO006,28940.19,6.4,6.07,0.18,False,13,0,
T01279,NGO006,27767.67,3.66,5.0,0.2,False,5,0,
T01280,NGO006,22835.97,5.15,6.53,0.2,False,11,0,
T01281,NGO006,14226.09,6.34,7.76,0.19,False,13,0,
T01282,NGO006,25074.46,6.58,7.61,0.15,False,17,0,
T01283,NGO006,27920.03,12.17,7.97,0.19,False,12,0,
T01284,NGO006,22955.97,11.2,10.25,0.19,False,12,0,
T01285,NGO006,37240.16,3.6,8.34,0.19,False,9,0,
T01286,NGO006,18064.88,6.82,8.85,0.18,False,7,0,
T01287,NGO006,18350.08,4.42,6.61,0.22,False,11,0,
T01288,NGO006,48462.62,1.01,7.36,0.23,False,15,0,
T01289,NGO006,12413.03,8.73,6.4,0.21,False,11,0,
T01290,NGO006,9838.94,2.47,13.19,0.19,False,10,0,
T01291,NGO006,9761.88,7.41,15.04,0.2,False,16,0,
T01292,NGO006,9324.57,6.79,11.88,0.16,False,14,0,
T01293,NGO006,57163.98,3.91,8.34,0.21,False,11,0,
T01294,NGO006,17537.21,4.7,5.85,0.18,False,14,0,
T01295,NGO006,7792.86,8.56,6.11,0.17,False,14,0,
T01296,NGO006,16222.61,3.36,4.08,0.21,False,12,0,
T01297,NGO006,33971.72,3.52,6.08,0.18,False,13,0,
T01298,NGO006,14033.0,3.93,8.73,0.23,False,10,0,
T01299,NGO006,15306.02,4.5,4.34,0.13,False,9,0,
T01300,NGO006,32709.76,1.98,10.78,0.24,False,13,0,
T01301,NGO006,19069.01,9.5,10.56,0.16,False,16,0,
T01302,NGO006,14542.07,8.28,7.07,0.18,False,11,0,
T01303,NGO006,33964.53,3.23,6.79,0.18,False,7,0,
T01304,NGO006,30000.0,5.22,4.81,0.2,True,10,1,"Round-number amount, possible structuring"
T01305,NGO006,11300.67,11.92,10.45,0.17,False,10,0,
T01306,NGO006,21179.75,10.44,8.54,0.2,False,8,0,
T01307,NGO006,11620.8,4.63,7.92,0.23,False,9,0,
T01308,NGO006,4897.97,7.39,10.58,0.17,False,11,0,
T01309,NGO006,6602.84,4.28,10.75,0.19,False,16,0,
T01310,NGO006,5328.41,1.54,7.01,0.21,False,15,0,
T01311,NGO006,14333.72,7.3,12.03,0.21,False,11,0,
T01312,NGO006,22228.59,6.05,5.5,0.19,False,9,0,
T01313,NGO006,29778.14,15.28,8.15,0.22,False,14,0,
T01314,NGO006,18468.23,5.56,9.06,0.23,False,12,0,
T01315,NGO006,9731.39,6.74,7.86,0.18,False,7,0,
T01316,NGO006,34529.53,11.94,8.71,0.17,False,18,0,
T01317,NGO006,16701.8,2.56,6.19,0.27,False,16,0,
T01318,NGO006,9753.58,5.87,9.87,0.15,False,11,0,
T01319,NGO006,12010.58,5.04,4.39,0.68,False,10,1,NGO has unusually high pending/unverified disbursement ratio (68%)
T01320,NGO006,23311.86,10.12,8.66,0.18,False,14,0,
T01321,NGO006,11907.78,9.35,2.08,0.18,False,9,0,
T01322,NGO006,18561.3,3.48,6.0,0.19,False,2,0,
T01323,NGO006,10677.31,4.4,11.05,0.22,False,18,0,
T01324,NGO006,13711.85,4.5,9.86,0.19,False,12,0,
T01325,NGO006,14600.98,10.96,10.34,0.22,False,17,0,
T01326,NGO006,26806.32,0.1,4.01,0.21,False,15,1,Disbursed within hours of donation arriving
T01327,NGO006,22577.04,6.59,9.53,0.23,False,16,0,
T01328,NGO006,11376.91,7.63,8.75,0.23,False,15,0,
T01329,NGO006,10401.64,8.69,12.18,0.19,False,10,0,
T01330,NGO006,11804.36,9.85,17.15,0.17,False,12,0,
T01331,NGO006,15608.48,4.37,11.96,0.24,False,13,0,
T01332,NGO006,15098.8,5.96,6.55,0.22,False,14,0,
T01333,NGO006,10283.67,4.81,10.49,0.18,False,12,0,
T01334,NGO006,21164.61,0.71,6.31,0.21,False,8,0,
T01335,NGO006,25668.91,2.32,10.27,0.19,False,1,1,Disbursement created at unusual hour (1:00)
T01336,NGO006,16439.88,6.6,8.2,0.14,False,17,0,
T01337,NGO006,24366.63,10.62,9.48,0.18,False,10,0,
T01338,NGO006,13719.54,4.71,12.3,0.21,False,15,0,
T01339,NGO006,41884.0,6.6,8.08,0.23,False,10,0,
T01340,NGO006,12781.97,8.71,2.16,0.22,False,16,0,
T01341,NGO006,11080.77,7.92,10.11,0.25,False,11,0,
T01342,NGO006,10860.35,10.25,6.99,0.21,False,17,0,
T01343,NGO006,21539.2,6.2,10.35,0.17,False,8,0,
T01344,NGO006,10344.33,1.64,9.04,0.22,False,15,0,
T01345,NGO006,16962.62,7.35,9.64,0.19,False,11,0,
T01346,NGO006,37993.77,8.12,7.79,0.21,False,12,0,
T01347,NGO006,30470.94,11.57,7.96,0.2,False,14,0,
T01348,NGO006,12184.06,4.62,6.19,0.19,False,14,0,
T01349,NGO006,20483.8,0.39,8.29,0.18,False,9,0,
T01350,NGO006,23422.84,10.06,11.43,0.18,False,16,0,
T01351,NGO006,15208.76,7.53,9.83,0.23,False,9,0,
T01352,NGO006,22788.23,5.55,5.68,0.27,False,9,0,
T01353,NGO006,4995.93,7.33,7.43,0.24,False,16,0,
T01354,NGO006,9740.89,8.01,10.37,0.24,False,10,0,
T01355,NGO006,12049.05,3.28,10.58,0.14,False,14,0,
T01356,NGO006,21211.87,1.46,3.56,0.17,False,13,0,
T01357,NGO006,11048.83,11.75,8.6,0.21,False,12,0,
T01358,NGO006,7091.67,4.32,7.53,0.21,False,13,0,
T01359,NGO006,20951.57,3.69,3.51,0.18,False,16,0,
T01360,NGO006,26105.66,6.55,9.14,0.19,False,14,0,
T01361,NGO006,12280.76,5.54,10.58,0.23,False,12,0,
T01362,NGO006,65836.34,2.34,192.86,0.14,False,18,1,Unusually slow bill verification for this NGO (193h)
T01363,NGO006,19252.8,8.3,9.13,0.22,False,15,0,
T01364,NGO006,13837.84,3.28,8.66,0.21,False,8,0,
T01365,NGO006,7832.6,7.78,10.96,0.19,False,15,0,
T01366,NGO006,4135.49,10.49,7.38,0.14,False,13,0,
T01367,NGO006,17132.52,4.52,6.58,0.18,False,16,0,
T01368,NGO006,30148.0,8.93,8.26,0.15,False,15,0,
T01369,NGO006,10164.94,4.04,6.24,0.19,False,13,0,
T01370,NGO006,19502.49,5.88,14.71,0.2,False,11,0,
T01371,NGO006,37066.92,4.55,6.1,0.18,False,11,0,
T01372,NGO006,9092.4,4.79,11.63,0.24,False,14,0,
T01373,NGO006,18050.17,6.13,12.02,0.17,False,10,0,
T01374,NGO006,10243.7,3.21,6.72,0.19,False,18,0,
T01375,NGO006,10517.58,6.66,9.61,0.19,False,11,0,
T01376,NGO006,18070.21,9.63,8.16,0.25,False,15,0,
T01377,NGO006,22828.87,2.04,6.56,0.2,False,15,0,
T01378,NGO006,47112.67,5.9,6.72,0.19,False,15,0,
T01379,NGO006,23692.43,8.0,11.69,0.2,False,15,0,
T01380,NGO006,14228.09,5.66,8.06,0.19,False,17,0,
T01381,NGO006,19366.86,5.38,8.83,0.23,False,11,0,
T01382,NGO006,59110.45,0.56,5.38,0.1,False,12,0,
T01383,NGO006,16696.64,2.57,6.13,0.18,False,18,0,
T01384,NGO006,8894.71,5.02,14.19,0.15,False,8,0,
T01385,NGO006,31541.26,5.95,8.05,0.2,False,14,0,
T01386,NGO006,9646.97,8.86,10.6,0.18,False,10,0,
T01387,NGO006,12182.38,3.31,5.51,0.18,False,14,0,
T01388,NGO006,11559.52,6.24,7.37,0.2,False,10,0,
T01389,NGO006,22067.37,9.82,9.54,0.14,False,13,0,
T01390,NGO006,11614.84,6.1,7.14,0.23,False,15,0,
T01391,NGO006,17153.11,0.85,10.82,0.18,False,17,0,
T01392,NGO006,15238.24,3.91,11.65,0.18,False,15,0,
T01393,NGO006,15216.41,1.55,4.8,0.17,False,14,0,
T01394,NGO006,15047.27,98.51,16.14,0.23,False,16,1,Donation sat unspent for 99 days before disbursement
T01395,NGO006,30242.42,4.5,12.21,0.21,False,12,0,
T01396,NGO006,44319.62,0.3,8.55,0.23,False,14,1,Disbursed within hours of donation arriving
T01397,NGO006,25306.26,9.56,6.87,0.2,False,15,0,
T01398,NGO006,19564.53,9.23,6.76,0.2,False,17,0,
T01399,NGO006,25947.74,3.36,6.37,0.22,False,10,0,
T01400,NGO006,14549.62,0.95,6.17,0.21,False,12,0,
T01401,NGO006,10452.56,6.32,7.13,0.24,False,11,0,
T01402,NGO006,25020.12,7.4,2.75,0.22,False,8,0,
T01403,NGO006,14204.97,5.73,6.06,0.15,False,16,0,
T01404,NGO006,14852.42,5.01,9.58,0.2,False,12,0,
T01405,NGO006,11433.68,3.31,7.7,0.24,False,16,0,
T01406,NGO007,7133.06,4.17,37.46,0.08,False,16,0,
T01407,NGO007,5402.59,3.96,40.25,0.08,False,9,0,
T01408,NGO007,18483.8,11.26,40.66,0.11,False,15,0,
T01409,NGO007,14034.66,6.75,38.99,0.04,False,12,0,
T01410,NGO007,6600.21,7.94,36.92,0.08,False,15,0,
T01411,NGO007,46084.28,2.56,32.55,0.15,False,9,0,
T01412,NGO007,40324.03,4.35,37.29,0.1,False,12,0,
T01413,NGO007,9846.32,4.16,30.7,0.13,False,14,0,
T01414,NGO007,9376.59,5.52,31.72,0.07,False,14,0,
T01415,NGO007,32439.81,3.66,35.93,0.13,False,14,0,
T01416,NGO007,13587.42,9.73,39.6,0.06,False,7,0,
T01417,NGO007,7127.87,9.57,35.62,0.08,False,14,0,
T01418,NGO007,7449.98,1.31,39.22,0.09,False,15,0,
T01419,NGO007,11200.23,4.67,33.45,0.11,False,9,0,
T01420,NGO007,4443.43,52.74,35.95,0.11,False,13,1,Donation sat unspent for 53 days before disbursement
T01421,NGO007,49277.38,2.87,38.49,0.12,False,12,0,
T01422,NGO007,7372.8,5.95,30.87,0.07,False,15,0,
T01423,NGO007,18119.4,3.76,37.48,0.14,False,14,0,
T01424,NGO007,33287.61,6.28,31.25,0.09,False,17,0,
T01425,NGO007,11483.21,7.95,37.21,0.07,False,14,0,
T01426,NGO007,19841.83,5.82,36.74,0.08,False,14,0,
T01427,NGO007,11264.33,9.33,38.89,0.04,False,11,0,
T01428,NGO007,21361.24,6.65,37.63,0.15,False,11,0,
T01429,NGO007,17134.65,4.35,36.13,0.13,False,15,0,
T01430,NGO007,11421.87,9.68,38.11,0.08,False,10,0,
T01431,NGO007,31057.86,10.53,32.6,0.1,False,15,0,
T01432,NGO007,4855.76,7.05,34.44,0.09,False,11,0,
T01433,NGO007,16775.09,4.97,37.46,0.1,False,20,0,
T01434,NGO007,37022.0,2.74,34.55,0.08,False,6,0,
T01435,NGO007,10863.59,3.33,43.11,0.08,False,11,0,
T01436,NGO007,24533.65,8.51,36.27,0.06,False,12,0,
T01437,NGO007,20560.49,5.08,45.26,0.07,False,18,0,
T01438,NGO007,30941.83,7.67,34.11,0.1,False,11,0,
T01439,NGO007,15059.62,7.19,38.69,0.09,False,14,0,
T01440,NGO007,15553.69,71.12,33.31,0.09,False,14,1,Donation sat unspent for 71 days before disbursement
T01441,NGO007,25074.17,6.06,35.66,0.07,False,15,0,
T01442,NGO007,7119.5,6.31,37.97,0.1,False,16,0,
T01443,NGO007,70231.25,9.57,34.56,0.12,False,8,0,
T01444,NGO007,7675.41,10.72,36.01,0.07,False,15,0,
T01445,NGO007,15779.83,8.91,38.38,0.1,False,13,0,
T01446,NGO007,19377.85,7.88,36.54,0.14,False,5,0,
T01447,NGO007,8638.41,13.62,43.4,0.06,False,15,0,
T01448,NGO007,9325.74,5.81,37.33,0.08,False,11,0,
T01449,NGO007,20876.13,6.97,33.44,0.72,False,12,1,NGO has unusually high pending/unverified disbursement ratio (72%)
T01450,NGO007,5995.09,1.98,35.4,0.08,False,15,0,
T01451,NGO007,23259.92,4.29,36.52,0.09,False,16,0,
T01452,NGO007,12920.99,4.6,37.83,0.06,False,16,0,
T01453,NGO007,11001.61,2.23,37.36,0.11,False,14,0,
T01454,NGO007,15073.13,8.08,35.67,0.11,False,10,0,
T01455,NGO007,16677.23,7.08,37.26,0.09,False,14,0,
T01456,NGO007,12947.22,10.51,36.76,0.1,False,9,0,
T01457,NGO007,12448.24,6.36,36.34,0.1,False,11,0,
T01458,NGO007,20180.74,8.67,34.18,0.13,False,10,0,
T01459,NGO007,16214.43,0.51,34.42,0.12,False,15,0,
T01460,NGO007,7985.3,6.0,37.2,0.09,False,14,0,
T01461,NGO007,12698.36,7.25,36.11,0.01,False,12,0,
T01462,NGO007,5538.15,10.21,33.59,0.06,False,14,0,
T01463,NGO007,16573.93,9.4,31.1,0.06,False,16,0,
T01464,NGO007,31784.98,2.49,39.48,0.06,False,18,0,
T01465,NGO007,17475.01,7.76,35.5,0.1,False,11,0,
T01466,NGO007,10159.08,3.9,40.3,0.06,False,10,0,
T01467,NGO007,17687.11,7.46,38.5,0.07,False,15,0,
T01468,NGO007,32058.4,3.3,36.41,0.11,False,16,0,
T01469,NGO007,9117.37,4.42,37.22,0.11,False,7,0,
T01470,NGO007,33464.43,5.7,35.64,0.1,False,17,0,
T01471,NGO007,31130.63,9.56,40.52,0.1,False,12,0,
T01472,NGO007,9711.21,6.75,35.92,0.18,False,14,0,
T01473,NGO007,9353.15,5.69,34.87,0.15,False,11,0,
T01474,NGO007,21737.55,8.96,38.29,0.15,False,12,0,
T01475,NGO007,10094.25,8.49,36.05,0.13,False,18,0,
T01476,NGO007,5408.29,7.29,33.02,0.12,False,16,0,
T01477,NGO007,9871.88,8.61,38.66,0.07,False,12,0,
T01478,NGO007,32002.72,5.84,31.26,0.11,False,16,0,
T01479,NGO007,16083.29,10.4,34.52,0.08,False,14,0,
T01480,NGO007,18232.64,5.21,33.22,0.08,False,15,0,
T01481,NGO007,23586.87,12.77,35.47,0.16,False,12,0,
T01482,NGO007,13990.07,4.2,39.08,0.12,False,7,0,
T01483,NGO007,29302.04,6.81,36.61,0.1,False,10,0,
T01484,NGO007,8746.26,4.56,40.2,0.06,False,10,0,
T01485,NGO007,13718.69,2.54,38.5,0.13,False,17,0,
T01486,NGO007,11545.62,5.43,39.05,0.1,False,11,0,
T01487,NGO007,7543.71,0.74,36.01,0.12,False,9,0,
T01488,NGO007,26030.19,0.64,38.69,0.15,False,10,0,
T01489,NGO007,18240.03,2.86,39.37,0.08,False,13,0,
T01490,NGO007,12673.11,9.45,38.04,0.12,False,15,0,
T01491,NGO007,18286.86,8.76,37.32,0.12,False,8,0,
T01492,NGO007,16615.97,5.41,36.11,0.09,False,15,0,
T01493,NGO007,16947.39,9.41,37.37,0.09,False,13,0,
T01494,NGO007,13184.01,5.64,40.7,0.11,False,11,0,
T01495,NGO007,10476.3,5.52,36.28,0.08,False,14,0,
T01496,NGO007,55875.41,4.32,35.98,0.1,False,15,0,
T01497,NGO007,38383.49,5.84,38.55,0.08,False,13,0,
T01498,NGO007,40055.73,6.79,34.0,0.03,False,8,0,
T01499,NGO007,10303.57,5.18,34.5,0.07,False,9,0,
T01500,NGO007,23253.93,2.98,34.86,0.04,False,15,0,
T01501,NGO007,15761.56,7.56,41.98,0.11,False,12,0,
T01502,NGO007,8514.67,2.9,30.89,0.14,False,12,0,
T01503,NGO007,24572.1,9.18,39.67,0.12,False,8,0,
T01504,NGO007,15028.78,6.3,38.6,0.09,False,11,0,
T01505,NGO007,10245.01,0.89,36.43,0.1,False,13,0,
T01506,NGO007,27559.61,2.32,36.19,0.09,False,16,0,
T01507,NGO007,15232.54,7.3,36.14,0.1,False,13,0,
T01508,NGO007,25576.99,6.06,39.84,0.13,False,12,0,
T01509,NGO007,9644.92,0.37,39.46,0.06,False,16,0,
T01510,NGO007,11869.67,5.34,36.2,0.1,False,10,0,
T01511,NGO007,22900.11,7.67,38.55,0.08,False,8,0,
T01512,NGO007,13169.84,7.65,34.98,0.1,False,10,0,
T01513,NGO007,16309.13,5.07,39.99,0.04,False,9,0,
T01514,NGO007,44564.97,4.13,33.68,0.16,False,17,0,
T01515,NGO007,9555.58,3.16,35.48,0.07,False,14,0,
T01516,NGO007,8517.51,1.37,33.92,0.1,False,8,0,
T01517,NGO007,30085.17,8.54,35.69,0.13,False,13,0,
T01518,NGO007,11741.52,10.81,38.43,0.08,False,15,0,
T01519,NGO007,30789.3,7.31,36.98,0.09,False,11,0,
T01520,NGO007,13501.3,4.46,39.55,0.12,False,12,0,
T01521,NGO007,9920.49,5.5,42.84,0.1,False,10,0,
T01522,NGO007,9172.12,1.29,34.57,0.13,False,14,0,
T01523,NGO007,15958.43,4.53,43.77,0.04,False,20,0,
T01524,NGO007,16865.06,2.59,39.16,0.1,False,12,0,
T01525,NGO007,29341.0,0.87,37.52,0.12,False,16,0,
T01526,NGO007,12806.58,0.02,38.75,0.11,False,8,0,
T01527,NGO007,29904.15,1.74,37.31,0.13,False,15,0,
T01528,NGO007,24959.62,7.66,35.89,0.08,False,12,0,
T01529,NGO007,20890.33,3.55,37.88,0.12,False,11,0,
T01530,NGO007,17515.49,6.74,36.54,0.05,False,12,0,
T01531,NGO007,10244.51,2.77,35.52,0.12,False,7,0,
T01532,NGO007,9231.27,1.98,39.73,0.1,False,12,0,
T01533,NGO007,35381.28,5.63,34.36,0.13,False,14,0,
T01534,NGO007,24468.94,7.03,34.32,0.11,False,14,0,
T01535,NGO007,25000.0,10.21,38.33,0.08,True,15,1,"Round-number amount, possible structuring"
T01536,NGO007,8882.71,3.65,37.8,0.11,False,9,0,
T01537,NGO007,44255.08,6.25,36.95,0.14,False,12,0,
T01538,NGO007,9484.76,10.66,39.05,0.15,False,9,0,
T01539,NGO007,19388.66,71.21,36.73,0.09,False,13,1,Donation sat unspent for 71 days before disbursement
T01540,NGO007,10246.04,5.08,41.15,0.09,False,15,0,
T01541,NGO007,6999.62,5.44,36.05,0.06,False,14,0,
T01542,NGO007,35724.62,5.54,31.61,0.1,False,13,0,
T01543,NGO007,21166.93,2.93,40.93,0.69,False,15,1,NGO has unusually high pending/unverified disbursement ratio (69%)
T01544,NGO007,10624.99,9.59,36.24,0.09,False,19,0,
T01545,NGO007,12550.63,8.43,36.58,0.1,False,14,0,
T01546,NGO007,27904.87,8.31,42.3,0.05,False,15,0,
T01547,NGO007,10590.29,8.55,42.55,0.08,False,13,0,
T01548,NGO007,10786.67,2.91,41.42,0.04,False,11,0,
T01549,NGO007,25938.99,6.88,31.54,0.07,False,11,0,
T01550,NGO007,11252.16,8.53,43.25,0.08,False,18,0,
T01551,NGO007,30972.88,4.86,34.3,0.07,False,5,0,
T01552,NGO007,26101.43,2.19,35.13,0.17,False,9,0,
T01553,NGO007,5802.38,7.77,32.5,0.07,False,13,0,
T01554,NGO007,21103.32,8.94,38.27,0.13,False,11,0,
T01555,NGO007,17842.55,9.9,35.65,0.06,False,10,0,
T01556,NGO007,18103.57,5.26,36.64,0.13,False,13,0,
T01557,NGO007,20956.41,1.36,37.28,0.1,False,11,0,
T01558,NGO007,19386.28,5.96,38.66,0.09,False,10,0,
T01559,NGO007,29028.05,6.12,34.64,0.09,False,12,0,
T01560,NGO007,23397.08,5.42,38.84,0.06,False,11,0,
T01561,NGO007,22177.83,7.7,36.61,0.12,False,13,0,
T01562,NGO007,45577.32,3.37,41.29,0.06,False,10,0,
T01563,NGO007,11574.25,9.54,35.11,0.06,False,15,0,
T01564,NGO007,51043.97,4.21,31.04,0.04,False,11,0,
T01565,NGO007,18165.44,9.22,39.42,0.11,False,17,0,
T01566,NGO007,14461.0,3.98,33.6,0.04,False,12,0,
T01567,NGO007,10425.47,4.95,36.11,0.07,False,9,0,
T01568,NGO007,20082.39,6.28,41.2,0.07,False,17,0,
T01569,NGO007,17229.02,7.85,36.91,0.04,False,2,1,Disbursement created at unusual hour (2:00)
T01570,NGO007,16331.01,3.71,33.49,0.1,False,16,0,
T01571,NGO007,15679.98,6.56,41.15,0.09,False,10,0,
T01572,NGO007,26606.55,2.86,39.65,0.09,False,12,0,
T01573,NGO007,19083.68,8.46,37.74,0.1,False,11,0,
T01574,NGO007,31129.02,5.39,38.4,0.14,False,10,0,
T01575,NGO007,21002.44,9.94,33.08,0.17,False,12,0,
T01576,NGO007,6196.94,1.12,38.92,0.11,False,15,0,
T01577,NGO007,16489.63,9.97,36.84,0.09,False,18,0,
T01578,NGO007,19199.79,3.99,32.86,0.12,False,13,0,
T01579,NGO007,11520.18,5.7,36.54,0.06,False,11,0,
T01580,NGO007,31222.43,9.28,33.79,0.05,False,7,0,
T01581,NGO007,18194.09,3.1,35.02,0.09,False,12,0,
T01582,NGO007,18382.08,8.56,35.26,0.11,False,11,0,
T01583,NGO007,40911.71,4.86,35.41,0.07,False,12,0,
T01584,NGO007,15690.93,1.42,44.46,0.1,False,13,0,
T01585,NGO007,8963.42,1.36,34.96,0.1,False,10,0,
T01586,NGO007,11554.21,50.7,41.38,0.05,False,10,1,Donation sat unspent for 51 days before disbursement
T01587,NGO007,10303.83,2.71,45.35,0.09,False,7,0,
T01588,NGO007,37106.24,4.31,38.16,0.11,False,11,0,
T01589,NGO007,14245.48,0.22,42.41,0.08,False,17,0,
T01590,NGO007,32962.94,2.96,33.5,0.04,False,11,0,
T01591,NGO007,12919.21,7.19,35.66,0.09,False,16,0,
T01592,NGO007,17301.9,4.58,33.03,0.14,False,13,0,
T01593,NGO007,16499.19,8.68,35.03,0.11,False,8,0,
T01594,NGO007,20412.44,1.97,39.27,0.09,False,11,0,
T01595,NGO007,17527.02,2.81,38.31,0.12,False,14,0,
T01596,NGO007,6169.49,8.67,40.71,0.05,False,18,0,
T01597,NGO007,29524.3,5.74,36.66,0.05,False,12,0,
T01598,NGO007,9428.61,1.94,32.67,0.11,False,11,0,
T01599,NGO007,12747.63,4.78,37.34,0.05,False,8,0,
T01600,NGO007,19911.5,7.51,36.36,0.07,False,18,0,
T01601,NGO007,11896.89,8.62,38.57,0.09,False,17,0,
T01602,NGO007,14519.76,6.2,39.53,0.1,False,10,0,
T01603,NGO007,16598.79,5.51,38.04,0.12,False,14,0,
T01604,NGO007,13595.23,7.14,41.68,0.1,False,9,0,
T01605,NGO007,23463.2,8.24,35.86,0.11,False,17,0,
T01606,NGO007,35510.13,1.04,34.04,0.13,False,14,0,
T01607,NGO007,13661.11,10.01,39.97,0.11,False,8,0,
T01608,NGO007,15875.77,5.12,35.71,0.11,False,7,0,
T01609,NGO007,13096.84,6.47,37.04,0.06,False,9,0,
T01610,NGO007,9386.96,6.94,38.98,0.15,False,10,0,
T01611,NGO008,14700.12,3.34,49.11,0.29,False,13,0,
T01612,NGO008,26763.06,1.38,48.99,0.3,False,16,0,
T01613,NGO008,13476.24,11.0,50.36,0.26,False,14,0,
T01614,NGO008,65552.67,7.7,50.67,0.21,False,9,0,
T01615,NGO008,45900.31,6.49,45.27,0.25,False,15,0,
T01616,NGO008,10317.27,3.48,46.59,0.28,False,10,0,
T01617,NGO008,12712.36,8.75,48.56,0.25,False,4,1,Disbursement created at unusual hour (4:00)
T01618,NGO008,15177.8,8.64,48.38,0.28,False,17,0,
T01619,NGO008,9468.4,12.27,50.17,0.24,False,12,0,
T01620,NGO008,27104.09,0.13,43.69,0.29,False,16,0,
T01621,NGO008,17891.78,3.26,43.62,0.21,False,12,0,
T01622,NGO008,15840.04,8.69,364.63,0.25,False,17,1,Unusually slow bill verification for this NGO (365h)
T01623,NGO008,14832.12,7.25,45.91,0.28,False,15,0,
T01624,NGO008,10907.82,5.63,50.02,0.26,False,16,0,
T01625,NGO008,15476.58,6.78,49.4,0.23,False,17,0,
T01626,NGO008,5867.51,5.84,49.05,0.22,False,19,0,
T01627,NGO008,5065.67,6.09,48.6,0.32,False,13,0,
T01628,NGO008,28975.73,6.56,51.24,0.28,False,9,0,
T01629,NGO008,14926.09,9.59,46.35,0.28,False,13,0,
T01630,NGO008,15918.32,4.5,45.5,0.3,False,9,0,
T01631,NGO008,16919.81,11.0,46.99,0.31,False,13,0,
T01632,NGO008,9287.15,7.1,51.88,0.29,False,13,0,
T01633,NGO008,13068.54,8.49,40.62,0.24,False,15,0,
T01634,NGO008,14224.05,4.75,47.91,0.28,False,17,0,
T01635,NGO008,14612.36,4.79,50.88,0.33,False,15,0,
T01636,NGO008,53878.75,4.31,46.6,0.28,False,16,0,
T01637,NGO008,17972.21,5.54,50.22,0.31,False,8,0,
T01638,NGO008,11750.67,4.07,50.68,0.28,False,14,0,
T01639,NGO008,8028.68,5.1,48.77,0.25,False,15,0,
T01640,NGO008,11933.65,5.85,45.36,0.29,False,14,0,
T01641,NGO008,11554.76,0.16,48.87,0.27,False,14,0,
T01642,NGO008,14406.14,12.84,45.59,0.24,False,10,0,
T01643,NGO008,13706.06,3.59,49.5,0.31,False,14,0,
T01644,NGO008,17272.31,5.68,43.88,0.26,False,13,0,
T01645,NGO008,13269.31,4.32,46.32,0.68,False,14,1,NGO has unusually high pending/unverified disbursement ratio (68%)
T01646,NGO008,10249.11,10.51,48.1,0.28,False,16,0,
T01647,NGO008,20994.25,9.72,42.64,0.26,False,16,0,
T01648,NGO008,6887.34,5.09,43.96,0.28,False,5,0,
T01649,NGO008,31169.18,6.55,55.16,0.28,False,16,0,
T01650,NGO008,14252.0,9.29,49.22,0.25,False,10,0,
T01651,NGO008,25445.48,5.88,47.8,0.28,False,14,0,
T01652,NGO008,9285.58,8.2,50.58,0.29,False,8,0,
T01653,NGO008,16085.81,9.41,49.41,0.33,False,10,0,
T01654,NGO008,12426.38,5.13,45.67,0.25,False,6,0,
T01655,NGO008,23412.27,4.63,44.09,0.25,False,11,0,
T01656,NGO008,9599.53,6.27,46.57,0.29,False,19,0,
T01657,NGO008,19039.2,4.04,45.25,0.27,False,14,0,
T01658,NGO008,31497.78,2.75,51.34,0.29,False,13,0,
T01659,NGO008,13248.86,1.36,46.69,0.32,False,14,0,
T01660,NGO008,30913.34,6.99,46.81,0.28,False,16,0,
T01661,NGO008,8482.81,7.84,50.31,0.31,False,17,0,
T01662,NGO008,21205.97,8.61,46.98,0.32,False,9,0,
T01663,NGO008,15992.78,11.71,49.51,0.27,False,11,0,
T01664,NGO008,9369.99,5.18,42.31,0.24,False,7,0,
T01665,NGO008,11261.47,0.65,47.71,0.27,False,15,0,
T01666,NGO008,15556.8,5.56,46.96,0.32,False,15,0,
T01667,NGO008,22050.72,3.2,46.81,0.3,False,10,0,
T01668,NGO008,23057.68,8.93,46.52,0.27,False,11,0,
T01669,NGO008,18816.54,1.47,47.78,0.29,False,11,0,
T01670,NGO008,4246.07,10.5,47.43,0.22,False,11,0,
T01671,NGO008,16271.88,3.53,48.78,0.26,False,17,0,
T01672,NGO008,12798.5,2.37,48.53,0.28,False,15,0,
T01673,NGO008,14340.25,4.8,42.05,0.33,False,14,0,
T01674,NGO008,24673.73,4.21,48.93,0.31,False,7,0,
T01675,NGO008,48382.57,12.89,43.58,0.3,False,8,0,
T01676,NGO008,17990.15,11.3,49.98,0.22,False,14,0,
T01677,NGO008,8420.23,4.89,50.75,0.3,False,18,0,
T01678,NGO008,20606.16,2.35,50.36,0.22,False,19,0,
T01679,NGO008,30693.9,6.17,44.52,0.29,False,12,0,
T01680,NGO008,11210.48,2.85,188.45,0.27,False,12,1,Unusually slow bill verification for this NGO (188h)
T01681,NGO008,24724.09,6.63,46.45,0.26,False,13,0,
T01682,NGO008,14456.51,2.73,51.11,0.28,False,14,0,
T01683,NGO008,11906.42,8.73,46.52,0.94,False,5,1,NGO has unusually high pending/unverified disbursement ratio (94%)
T01684,NGO008,9212.1,7.68,51.27,0.26,False,17,0,
T01685,NGO008,7862.92,2.52,46.93,0.32,False,11,0,
T01686,NGO008,11716.9,7.51,53.6,0.23,False,7,0,
T01687,NGO008,35598.02,5.35,43.19,0.22,False,12,0,
T01688,NGO008,13576.55,0.24,56.14,0.28,False,16,1,Disbursed within hours of donation arriving
T01689,NGO008,10180.68,4.85,49.46,0.33,False,14,0,
T01690,NGO008,21161.78,2.39,52.29,0.26,False,15,0,
T01691,NGO008,16852.17,2.32,46.83,0.31,False,13,0,
T01692,NGO008,16130.92,4.26,48.2,0.28,False,15,0,
T01693,NGO008,16735.35,5.27,44.19,0.28,False,14,0,
T01694,NGO008,8937.65,3.46,46.44,0.32,False,15,0,
T01695,NGO008,13363.11,5.35,47.38,0.25,False,11,0,
T01696,NGO008,14063.69,9.29,51.93,0.27,False,16,0,
T01697,NGO008,27827.18,2.23,49.7,0.34,False,16,0,
T01698,NGO008,35515.2,10.21,49.09,0.29,False,9,0,
T01699,NGO008,33651.2,4.38,47.23,0.27,False,9,0,
T01700,NGO008,18486.81,5.82,47.93,0.28,False,10,0,
T01701,NGO008,16741.58,4.44,45.29,0.26,False,15,0,
T01702,NGO008,22054.16,3.5,45.76,0.29,False,14,0,
T01703,NGO008,8146.72,0.27,46.09,0.32,False,19,0,
T01704,NGO008,44674.02,1.44,41.66,0.3,False,11,0,
T01705,NGO008,26299.18,6.68,45.12,0.24,False,13,0,
T01706,NGO008,23941.73,10.13,50.08,0.25,False,10,0,
T01707,NGO008,23829.34,5.3,52.56,0.28,False,11,0,
T01708,NGO008,16226.27,11.33,48.71,0.29,False,10,0,
T01709,NGO008,37549.86,4.37,52.81,0.24,False,9,0,
T01710,NGO008,6198.25,7.93,44.83,0.26,False,15,0,
T01711,NGO008,13302.35,0.67,44.85,0.25,False,17,0,
T01712,NGO008,18129.54,10.93,50.8,0.25,False,18,0,
T01713,NGO008,21432.66,7.93,45.75,0.26,False,11,0,
T01714,NGO008,17339.28,3.53,50.83,0.29,False,15,0,
T01715,NGO008,27093.93,8.55,43.84,0.26,False,15,0,
T01716,NGO008,16694.72,7.57,44.97,0.33,False,8,0,
T01717,NGO008,34494.45,6.19,50.08,0.31,False,13,0,
T01718,NGO008,14180.84,5.89,44.4,0.3,False,10,0,
T01719,NGO008,21534.27,4.38,41.86,0.25,False,12,0,
T01720,NGO008,13737.56,2.9,48.2,0.3,False,15,0,
T01721,NGO008,10346.86,6.36,49.14,0.28,False,14,0,
T01722,NGO008,20713.92,2.96,45.7,0.3,False,8,0,
T01723,NGO008,14437.49,0.95,49.22,0.23,False,13,0,
T01724,NGO008,18604.79,4.84,55.73,0.26,False,12,0,
T01725,NGO008,12803.88,2.65,50.75,0.28,False,15,0,
T01726,NGO008,13756.71,3.33,46.45,0.23,False,18,0,
T01727,NGO008,18968.08,10.7,49.59,0.27,False,10,0,
T01728,NGO008,7631.4,2.48,49.01,0.25,False,6,0,
T01729,NGO008,15328.8,10.8,49.81,0.28,False,11,0,
T01730,NGO008,11840.24,5.91,48.79,0.23,False,10,0,
T01731,NGO008,22238.96,5.68,47.56,0.31,False,10,0,
T01732,NGO008,45492.82,6.45,46.79,0.25,False,14,0,
T01733,NGO008,64650.07,4.55,49.89,0.22,False,12,0,
T01734,NGO008,15215.05,6.37,47.28,0.74,False,14,1,NGO has unusually high pending/unverified disbursement ratio (74%)
T01735,NGO008,11160.75,3.15,45.21,0.26,False,14,0,
T01736,NGO008,33513.69,2.55,53.47,0.23,False,13,0,
T01737,NGO008,15866.93,7.69,42.97,0.27,False,13,0,
T01738,NGO008,36471.47,5.77,44.17,0.25,False,22,0,
T01739,NGO008,10459.71,7.11,43.88,0.23,False,7,0,
T01740,NGO008,22034.15,8.83,49.03,0.25,False,14,0,
T01741,NGO008,37721.33,4.01,51.64,0.27,False,10,0,
T01742,NGO008,15317.64,13.8,51.72,0.28,False,15,0,
T01743,NGO008,16449.74,0.32,48.72,0.28,False,11,0,
T01744,NGO008,14635.27,0.1,52.04,0.27,False,18,0,
T01745,NGO008,28767.91,5.38,42.88,0.24,False,9,0,
T01746,NGO008,11891.66,7.63,46.9,0.28,False,17,0,
T01747,NGO008,24960.32,0.56,45.53,0.22,False,10,0,
T01748,NGO008,25265.03,7.76,41.01,0.27,False,14,0,
T01749,NGO008,20950.4,6.69,49.69,0.23,False,12,0,
T01750,NGO008,16103.71,8.07,42.21,0.28,False,13,0,
T01751,NGO008,14655.48,4.83,51.87,0.22,False,13,0,
T01752,NGO008,10875.81,8.81,49.73,0.24,False,14,0,
T01753,NGO008,21799.26,8.66,43.89,0.28,False,11,0,
T01754,NGO008,17118.82,4.34,42.23,0.28,False,17,0,
T01755,NGO008,20480.3,5.88,45.05,0.28,False,17,0,
T01756,NGO008,47651.23,6.99,45.03,0.25,False,14,0,
T01757,NGO008,15446.74,5.35,47.51,0.25,False,15,0,
T01758,NGO008,14035.91,9.12,45.67,0.31,False,13,0,
T01759,NGO008,16226.25,6.85,53.59,0.31,False,14,0,
T01760,NGO008,22029.41,7.42,46.79,0.28,False,16,0,
T01761,NGO008,10225.39,8.11,46.96,0.3,False,12,0,
T01762,NGO008,15075.77,7.18,43.1,0.29,False,15,0,
T01763,NGO008,7905.6,8.01,43.02,0.26,False,9,0,
T01764,NGO008,26166.23,2.86,44.23,0.3,False,10,0,
T01765,NGO008,13570.1,11.18,53.6,0.33,False,12,0,
T01766,NGO008,18319.04,5.22,48.54,0.24,False,14,0,
T01767,NGO008,5816.7,8.14,46.74,0.24,False,10,0,
T01768,NGO008,37545.81,0.67,52.81,0.26,False,12,0,
T01769,NGO008,14837.0,6.34,48.19,0.2,False,13,0,
T01770,NGO008,6291.33,8.76,44.5,0.25,False,9,0,
T01771,NGO008,26457.73,4.35,45.51,0.26,False,14,0,
T01772,NGO008,36151.34,6.85,48.78,0.28,False,11,0,
T01773,NGO008,9852.66,0.3,49.38,0.29,False,16,0,
T01774,NGO008,5455.91,5.61,46.65,0.27,False,10,0,
T01775,NGO008,7780.81,6.89,51.72,0.3,False,14,0,
T01776,NGO008,18853.39,2.79,46.44,0.26,False,15,0,
T01777,NGO008,13323.57,9.12,46.55,0.27,False,15,0,
T01778,NGO008,9359.36,9.34,46.2,0.26,False,8,0,
T01779,NGO008,19936.88,5.62,48.91,0.33,False,9,0,
T01780,NGO008,16663.96,7.64,48.46,0.25,False,15,0,
T01781,NGO008,55871.91,0.61,50.18,0.23,False,9,0,
T01782,NGO008,29295.07,6.64,43.52,0.27,False,17,0,
T01783,NGO008,17498.2,4.1,53.58,0.29,False,14,0,
T01784,NGO008,24925.89,3.58,43.24,0.3,False,19,0,
T01785,NGO008,12264.3,2.72,50.94,0.28,False,12,0,
T01786,NGO008,21989.28,0.43,43.66,0.27,False,13,0,
T01787,NGO008,8140.3,1.05,49.19,0.25,False,16,0,
T01788,NGO008,5968.63,6.03,41.94,0.28,False,8,0,
T01789,NGO008,24255.95,6.8,48.97,0.3,False,12,0,
T01790,NGO008,10359.76,8.35,50.92,0.26,False,12,0,
T01791,NGO008,21802.86,1.0,45.31,0.24,False,13,0,
T01792,NGO008,29498.07,3.4,49.8,0.33,False,10,0,
T01793,NGO008,36107.71,3.86,47.93,0.29,False,8,0,
T01794,NGO008,9165.69,3.35,48.72,0.27,False,7,0,
T01795,NGO008,16092.55,6.54,47.53,0.26,False,11,0,
T01796,NGO008,12393.2,8.44,44.47,0.27,False,8,0,
T01797,NGO008,47488.64,3.22,51.14,0.26,False,13,0,
T01798,NGO008,23602.9,2.22,43.32,0.31,False,12,0,
T01799,NGO008,38987.95,7.24,49.75,0.27,False,14,0,
T01800,NGO008,29711.1,8.03,48.54,0.3,False,11,0,
T01801,NGO008,46617.39,8.7,50.03,0.28,False,10,0,
T01802,NGO008,10125.68,5.57,43.87,0.3,False,15,0,
T01803,NGO008,13905.37,5.41,44.69,0.26,False,17,0,
T01804,NGO008,12765.56,8.84,44.21,0.26,False,14,0,
T01805,NGO008,7005.67,7.29,50.85,0.28,False,18,0,
T01806,NGO008,12796.83,2.8,45.33,0.25,False,12,0,
T01807,NGO008,6098.89,7.44,46.21,0.23,False,11,0,
T01808,NGO008,47757.55,7.16,45.35,0.29,False,11,0,
T01809,NGO008,15249.45,1.32,50.77,0.26,False,16,0,
T01810,NGO008,25559.97,91.44,53.12,0.31,False,13,1,Donation sat unspent for 91 days before disbursement
T01811,NGO008,26852.26,6.46,48.04,0.28,False,12,0,
T01812,NGO008,17509.93,4.56,52.68,0.21,False,11,0,
T01813,NGO008,21077.03,2.54,44.37,0.25,False,13,0,
T01814,NGO008,8032.69,4.54,41.14,0.24,False,9,0,
T01815,NGO008,15362.82,6.4,45.37,0.27,False,14,0,
T01816,NGO008,12620.44,6.86,48.87,0.3,False,11,0,
T01817,NGO008,10963.66,5.05,47.3,0.28,False,5,0,
T01818,NGO008,20992.25,9.4,45.77,0.26,False,16,0,
T01819,NGO008,19595.37,6.6,45.42,0.29,False,12,0,
T01820,NGO008,26559.68,4.74,49.13,0.28,False,17,0,
T01821,NGO008,13875.9,2.34,46.33,0.24,False,15,0,
T01822,NGO008,31927.93,9.64,48.11,0.26,False,8,0,
T01823,NGO008,7240.59,7.7,46.72,0.21,False,10,0,
T01824,NGO008,43748.51,3.64,48.47,0.33,False,14,0,
T01825,NGO008,30242.55,5.41,46.22,0.25,False,18,0,
T01826,NGO008,12724.07,10.3,45.13,0.29,False,9,0,
T01827,NGO008,17151.16,8.26,45.96,0.3,False,12,0,
T01828,NGO008,67875.61,8.56,50.53,0.27,False,11,0,
T01829,NGO008,15222.03,6.67,45.98,0.22,False,11,0,
T01830,NGO008,13344.67,9.31,48.32,0.25,False,15,0,
T01831,NGO008,6539.47,1.51,46.67,0.21,False,10,0,
T01832,NGO008,7688.36,4.47,50.4,0.3,False,12,0,
T01833,NGO008,14322.27,6.99,50.22,0.32,False,16,0,
T01834,NGO008,17865.51,7.56,41.54,0.25,False,14,0,
T01835,NGO008,8246.14,4.8,46.88,0.27,False,10,0,
T01836,NGO008,16543.25,9.52,54.14,0.23,False,7,0,
T01837,NGO008,22803.37,5.82,47.57,0.27,False,20,0,
T01838,NGO008,43449.03,5.42,41.85,0.27,False,13,0,
T01839,NGO008,13789.67,4.86,45.49,0.3,False,10,0,
T01840,NGO008,10733.18,0.87,44.46,0.22,False,14,0,
T01841,NGO009,9495.5,3.7,49.64,0.08,False,11,0,
T01842,NGO009,7330.58,5.02,47.31,0.11,False,9,0,
T01843,NGO009,14765.47,3.18,39.43,0.1,False,13,0,
T01844,NGO009,29874.83,5.77,37.31,0.14,False,16,0,
T01845,NGO009,13685.5,10.8,49.78,0.13,False,3,0,
T01846,NGO009,38887.18,12.03,47.52,0.15,False,15,0,
T01847,NGO009,48862.62,6.65,40.4,0.1,False,14,0,
T01848,NGO009,17003.73,2.18,43.76,0.12,False,8,0,
T01849,NGO009,29190.1,5.76,39.89,0.09,False,12,0,
T01850,NGO009,12414.51,0.15,47.95,0.1,False,15,0,
T01851,NGO009,16714.65,9.67,43.41,0.12,False,13,0,
T01852,NGO009,16716.4,5.86,49.48,0.12,False,9,0,
T01853,NGO009,15442.91,6.64,43.73,0.1,False,13,0,
T01854,NGO009,18235.78,4.36,44.87,0.11,False,10,0,
T01855,NGO009,8836.22,5.17,44.0,0.11,False,11,0,
T01856,NGO009,11761.44,3.99,48.22,0.1,False,10,0,
T01857,NGO009,11169.01,3.95,43.47,0.09,False,9,0,
T01858,NGO009,8792.81,8.06,47.77,0.1,False,14,0,
T01859,NGO009,13231.02,5.38,48.92,0.14,False,12,0,
T01860,NGO009,11533.66,9.49,47.82,0.08,False,10,0,
T01861,NGO009,19458.36,2.05,48.1,0.09,False,12,0,
T01862,NGO009,7821.74,3.94,332.45,0.08,False,12,1,Unusually slow bill verification for this NGO (332h)
T01863,NGO009,33332.27,6.85,47.18,0.12,False,17,0,
T01864,NGO009,5584.36,3.08,42.43,0.13,False,10,0,
T01865,NGO009,26268.38,9.24,42.6,0.08,False,16,0,
T01866,NGO009,23288.37,8.51,45.61,0.15,False,12,0,
T01867,NGO009,7109.59,3.94,43.08,0.09,False,10,0,
T01868,NGO009,12167.83,3.43,42.5,0.17,False,12,0,
T01869,NGO009,12104.56,3.91,44.89,0.12,False,8,0,
T01870,NGO009,22083.16,1.14,42.91,0.12,False,10,0,
T01871,NGO009,39892.02,1.91,50.19,0.1,False,13,0,
T01872,NGO009,8975.99,5.23,41.57,0.12,False,10,0,
T01873,NGO009,8593.09,6.31,45.86,0.07,False,15,0,
T01874,NGO009,13107.24,6.21,48.3,0.06,False,10,0,
T01875,NGO009,23821.56,4.96,47.87,0.14,False,11,0,
T01876,NGO009,25242.75,10.45,44.48,0.14,False,8,0,
T01877,NGO009,11284.68,5.55,38.65,0.11,False,14,0,
T01878,NGO009,17560.8,12.29,43.74,0.1,False,11,0,
T01879,NGO009,23141.55,2.92,46.94,0.12,False,14,0,
T01880,NGO009,14762.98,8.41,50.0,0.1,False,11,0,
T01881,NGO009,29705.86,7.15,38.09,0.11,False,11,0,
T01882,NGO009,21926.45,6.72,41.89,0.1,False,15,0,
T01883,NGO009,23009.21,8.41,44.82,0.13,False,11,0,
T01884,NGO009,12933.65,0.74,48.5,0.11,False,13,0,
T01885,NGO009,30058.91,8.27,48.37,0.1,False,11,0,
T01886,NGO009,10880.25,3.99,42.89,0.14,False,5,0,
T01887,NGO009,14824.79,3.76,41.12,0.15,False,14,0,
T01888,NGO009,6679.81,1.67,45.41,0.15,False,13,0,
T01889,NGO009,11709.86,7.72,40.11,0.14,False,10,0,
T01890,NGO009,9492.71,4.1,44.03,0.07,False,14,0,
T01891,NGO009,14420.79,9.23,45.1,0.13,False,17,0,
T01892,NGO009,11808.68,6.76,43.06,0.15,False,12,0,
T01893,NGO009,36112.3,0.98,46.27,0.11,False,15,0,
T01894,NGO009,10832.02,6.93,44.1,0.08,False,9,0,
T01895,NGO009,6099.99,9.02,48.93,0.1,False,12,0,
T01896,NGO009,20936.98,3.71,48.02,0.13,False,5,0,
T01897,NGO009,11379.51,6.58,43.45,0.07,False,9,0,
T01898,NGO009,38533.95,1.79,46.46,0.11,False,16,0,
T01899,NGO009,18424.99,5.87,36.27,0.15,False,14,0,
T01900,NGO009,19563.14,9.13,43.27,0.11,False,8,0,
T01901,NGO009,22222.61,5.4,46.23,0.08,False,10,0,
T01902,NGO009,18586.57,2.06,45.91,0.09,False,11,0,
T01903,NGO009,10214.98,8.9,45.21,0.09,False,12,0,
T01904,NGO009,21355.54,7.46,50.23,0.12,False,14,0,
T01905,NGO009,9320.4,2.74,43.01,0.14,False,8,0,
T01906,NGO009,20274.45,2.32,46.32,0.05,False,14,0,
T01907,NGO009,12138.42,5.45,41.62,0.15,False,9,0,
T01908,NGO009,34212.86,8.76,48.43,0.12,False,10,0,
T01909,NGO009,15666.95,4.77,41.44,0.03,False,9,0,
T01910,NGO009,30092.73,6.5,43.93,0.05,False,15,0,
T01911,NGO009,5605.96,13.08,51.92,0.11,False,9,0,
T01912,NGO009,27716.26,7.24,42.07,0.1,False,16,0,
T01913,NGO009,23473.66,7.53,45.9,0.13,False,11,0,
T01914,NGO009,18002.54,0.18,44.27,0.1,False,13,0,
T01915,NGO009,28334.95,7.65,47.59,0.05,False,12,0,
T01916,NGO009,13987.77,8.27,43.99,0.13,False,7,0,
T01917,NGO009,21292.55,5.87,47.83,0.06,False,11,0,
T01918,NGO009,15266.38,8.35,47.89,0.07,False,20,0,
T01919,NGO009,23659.5,7.73,46.63,0.14,False,16,0,
T01920,NGO009,15215.39,5.14,47.99,0.09,False,11,0,
T01921,NGO009,26191.31,2.3,53.26,0.15,False,12,0,
T01922,NGO009,16402.43,3.17,47.08,0.11,False,3,1,Disbursement created at unusual hour (3:00)
T01923,NGO009,14491.15,9.41,44.05,0.11,False,16,0,
T01924,NGO009,15620.56,5.27,46.62,0.1,False,10,0,
T01925,NGO009,33052.25,5.69,42.53,0.13,False,12,0,
T01926,NGO009,22954.64,2.34,44.25,0.07,False,11,0,
T01927,NGO009,15892.58,1.9,46.06,0.15,False,13,0,
T01928,NGO009,25462.03,4.23,51.0,0.09,False,13,0,
T01929,NGO009,10991.02,8.35,47.24,0.13,False,18,0,
T01930,NGO009,16419.97,4.02,45.83,0.1,False,8,0,
T01931,NGO009,13773.22,4.96,43.18,0.08,False,11,0,
T01932,NGO009,7698.74,10.42,44.12,0.09,False,14,0,
T01933,NGO009,31177.9,11.5,39.8,0.07,False,10,0,
T01934,NGO009,12602.48,3.64,41.94,0.11,False,14,0,
T01935,NGO009,10964.75,0.53,42.13,0.09,False,12,0,
T01936,NGO009,8766.41,3.27,44.11,0.05,False,12,0,
T01937,NGO009,14996.54,3.4,47.83,0.12,False,12,0,
T01938,NGO009,10523.68,7.24,46.04,0.14,False,15,0,
T01939,NGO009,21010.98,8.74,45.51,0.13,False,10,0,
T01940,NGO009,12681.26,7.17,46.37,0.07,False,17,0,
T01941,NGO009,18513.68,3.83,55.25,0.12,False,12,0,
T01942,NGO009,12289.39,6.45,49.51,0.14,False,14,0,
T01943,NGO009,34943.15,6.76,41.09,0.12,False,17,0,
T01944,NGO009,34661.32,7.03,45.38,0.17,False,14,0,
T01945,NGO009,33902.49,4.23,42.53,0.11,False,12,0,
T01946,NGO009,23319.17,11.91,42.91,0.07,False,9,0,
T01947,NGO009,18598.41,5.24,41.78,0.06,False,12,0,
T01948,NGO009,27909.16,5.69,41.28,0.1,False,13,0,
T01949,NGO009,14592.42,5.52,47.67,0.13,False,14,0,
T01950,NGO009,13986.45,6.92,44.44,0.1,False,16,0,
T01951,NGO009,10312.52,3.93,45.47,0.08,False,12,0,
T01952,NGO009,14533.42,4.53,44.81,0.09,False,14,0,
T01953,NGO009,20111.3,7.71,42.8,0.15,False,12,0,
T01954,NGO009,37858.17,10.86,44.16,0.09,False,13,0,
T01955,NGO009,13817.73,8.52,45.67,0.12,False,12,0,
T01956,NGO009,13519.53,5.94,41.25,0.12,False,12,0,
T01957,NGO009,14076.01,7.04,38.57,0.1,False,7,0,
T01958,NGO009,8395.35,9.98,37.07,0.15,False,12,0,
T01959,NGO009,7616.34,7.78,43.95,0.13,False,15,0,
T01960,NGO009,6501.6,4.09,40.19,0.12,False,6,0,
T01961,NGO009,46840.73,8.49,42.89,0.09,False,14,0,
T01962,NGO009,20756.78,5.88,37.33,0.17,False,14,0,
T01963,NGO009,15000.0,6.37,48.97,0.1,True,9,1,"Round-number amount, possible structuring"
T01964,NGO009,14929.52,4.61,49.38,0.14,False,13,0,
T01965,NGO009,8695.89,6.21,44.82,0.06,False,12,0,
T01966,NGO009,11843.89,4.12,48.74,0.08,False,13,0,
T01967,NGO009,10647.15,14.5,44.05,0.1,False,15,0,
T01968,NGO009,10693.22,7.78,48.89,0.16,False,13,0,
T01969,NGO009,21155.97,8.73,46.14,0.16,False,12,0,
T01970,NGO009,21449.81,5.88,49.71,0.1,False,15,0,
T01971,NGO009,15522.55,8.97,38.88,0.11,False,15,0,
T01972,NGO009,8079.84,6.87,46.3,0.12,False,10,0,
T01973,NGO009,11819.58,3.55,50.07,0.08,False,14,0,
T01974,NGO009,54215.01,7.88,49.22,0.09,False,16,0,
T01975,NGO009,30883.56,7.24,40.68,0.11,False,6,0,
T01976,NGO009,24164.8,9.76,44.84,0.14,False,16,0,
T01977,NGO009,11471.7,9.27,41.76,0.11,False,9,0,
T01978,NGO009,17486.69,2.45,49.93,0.14,False,12,0,
T01979,NGO009,12153.5,7.42,43.58,0.15,False,13,0,
T01980,NGO009,29531.93,4.23,46.1,0.62,False,14,1,NGO has unusually high pending/unverified disbursement ratio (62%)
T01981,NGO009,13487.33,2.7,46.25,0.12,False,8,0,
T01982,NGO009,24848.45,6.83,41.41,0.05,False,16,0,
T01983,NGO009,9154.08,10.76,43.29,0.06,False,16,0,
T01984,NGO009,22621.76,3.84,44.81,0.11,False,12,0,
T01985,NGO009,34442.68,1.25,47.94,0.07,False,20,0,
T01986,NGO009,37585.5,6.23,46.59,0.09,False,10,0,
T01987,NGO009,7696.43,6.31,44.64,0.08,False,16,0,
T01988,NGO009,8031.09,7.82,43.82,0.06,False,18,0,
T01989,NGO009,13190.77,8.18,44.68,0.1,False,14,0,
T01990,NGO009,23433.55,8.77,41.6,0.11,False,11,0,
T01991,NGO009,16378.06,7.27,50.41,0.12,False,8,0,
T01992,NGO009,15559.96,5.63,46.95,0.12,False,16,0,
T01993,NGO009,17134.03,6.99,42.18,0.1,False,14,0,
T01994,NGO009,15032.74,13.88,50.15,0.09,False,7,0,
T01995,NGO009,8230.87,4.83,40.56,0.11,False,12,0,
T01996,NGO009,19444.17,4.05,43.39,0.15,False,14,0,
T01997,NGO009,9614.74,6.92,49.0,0.07,False,15,0,
T01998,NGO009,14441.87,3.65,47.24,0.15,False,12,0,
T01999,NGO009,21970.18,7.47,44.84,0.06,False,15,0,
T02000,NGO009,15976.29,5.74,47.35,0.07,False,15,0,
T02001,NGO009,17363.1,11.58,45.49,0.11,False,15,0,
T02002,NGO009,17839.19,2.21,47.31,0.15,False,10,0,
T02003,NGO009,9179.95,3.97,43.07,0.11,False,15,0,
T02004,NGO009,29125.09,6.02,48.06,0.07,False,14,0,
T02005,NGO009,13478.53,7.32,40.35,0.08,False,11,0,
T02006,NGO009,10652.35,6.47,45.95,0.14,False,10,0,
T02007,NGO009,5000.0,6.53,46.67,0.09,True,12,1,"Round-number amount, possible structuring"
T02008,NGO009,15957.74,7.06,41.1,0.03,False,9,0,
T02009,NGO009,10667.33,5.66,44.09,0.16,False,9,0,
T02010,NGO009,17573.38,0.09,44.43,0.13,False,10,1,Disbursed within hours of donation arriving
T02011,NGO009,20279.11,0.82,46.41,0.1,False,16,0,
T02012,NGO009,11260.31,2.35,48.63,0.17,False,13,0,
T02013,NGO009,11114.19,6.37,46.44,0.06,False,10,0,
T02014,NGO009,10445.69,8.5,45.62,0.13,False,12,0,
T02015,NGO009,9141.39,10.12,42.81,0.08,False,14,0,
T02016,NGO009,19735.38,12.94,45.73,0.05,False,7,0,
T02017,NGO009,45383.54,3.87,290.33,0.1,False,10,1,Unusually slow bill verification for this NGO (290h)
T02018,NGO009,13212.83,10.73,45.17,0.15,False,11,0,
T02019,NGO009,9838.42,0.78,40.71,0.1,False,18,0,
T02020,NGO009,54867.03,9.22,47.72,0.08,False,9,0,
T02021,NGO009,33941.7,4.07,49.39,0.1,False,15,0,
T02022,NGO009,30638.32,6.36,47.1,0.09,False,8,0,
T02023,NGO009,9125.98,7.48,45.51,0.1,False,12,0,
T02024,NGO009,6511.59,3.55,45.48,0.09,False,11,0,
T02025,NGO009,17942.17,14.54,48.41,0.1,False,13,0,
T02026,NGO009,31551.16,7.79,42.19,0.13,False,11,0,
T02027,NGO009,13881.68,6.6,44.04,0.13,False,12,0,
T02028,NGO009,53470.45,7.41,45.57,0.14,False,14,0,
T02029,NGO009,29793.87,5.75,48.06,0.03,False,17,0,
T02030,NGO010,26571.11,7.01,23.01,0.21,False,12,0,
T02031,NGO010,8694.62,8.22,20.69,0.16,False,11,0,
T02032,NGO010,14334.01,6.25,20.66,0.15,False,13,0,
T02033,NGO010,11754.37,6.09,19.86,0.15,False,17,0,
T02034,NGO010,9320.86,3.26,20.82,0.14,False,12,0,
T02035,NGO010,18917.57,2.92,18.13,0.14,False,11,0,
T02036,NGO010,52389.56,5.27,29.4,0.17,False,7,0,
T02037,NGO010,16025.12,4.63,24.89,0.16,False,18,0,
T02038,NGO010,6449.53,8.32,24.18,0.17,False,11,0,
T02039,NGO010,35044.92,11.86,21.7,0.14,False,9,0,
T02040,NGO010,20726.9,4.52,28.19,0.14,False,15,0,
T02041,NGO010,9712.96,3.22,23.37,0.18,False,18,0,
T02042,NGO010,11114.19,8.95,24.03,0.18,False,14,0,
T02043,NGO010,16499.22,1.56,18.29,0.18,False,8,0,
T02044,NGO010,22883.17,9.82,14.0,0.14,False,4,0,
T02045,NGO010,19824.48,2.06,20.0,0.17,False,13,0,
T02046,NGO010,12666.09,6.05,21.77,0.12,False,10,0,
T02047,NGO010,21740.26,4.15,20.79,0.16,False,10,0,
T02048,NGO010,43987.94,6.79,17.31,0.13,False,10,0,
T02049,NGO010,30859.47,4.67,28.05,0.18,False,4,0,
T02050,NGO010,26523.66,1.57,20.75,0.18,False,15,0,
T02051,NGO010,30593.92,6.34,21.78,0.14,False,16,0,
T02052,NGO010,17460.18,4.43,17.3,0.14,False,10,0,
T02053,NGO010,24276.6,6.62,18.8,0.15,False,6,0,
T02054,NGO010,10837.61,5.02,21.53,0.16,False,13,0,
T02055,NGO010,21652.01,4.44,24.08,0.14,False,8,0,
T02056,NGO010,17042.89,7.91,22.29,0.14,False,14,0,
T02057,NGO010,34977.21,9.49,22.46,0.19,False,19,0,
T02058,NGO010,12100.82,7.29,18.13,0.15,False,12,0,
T02059,NGO010,5000.0,9.8,19.64,0.2,True,5,1,"Round-number amount, possible structuring"
T02060,NGO010,13202.31,5.71,24.09,0.21,False,13,0,
T02061,NGO010,19518.67,7.76,23.2,0.18,False,9,0,
T02062,NGO010,31579.77,5.49,22.38,0.12,False,17,0,
T02063,NGO010,6943.82,5.64,26.29,0.12,False,13,0,
T02064,NGO010,11001.91,7.04,20.65,0.17,False,17,0,
T02065,NGO010,14286.6,7.04,27.77,0.18,False,10,0,
T02066,NGO010,16150.57,11.03,23.83,0.19,False,13,0,
T02067,NGO010,14404.88,0.81,22.3,0.65,False,8,1,NGO has unusually high pending/unverified disbursement ratio (65%)
T02068,NGO010,11081.83,6.21,22.43,0.13,False,12,0,
T02069,NGO010,20358.91,3.45,21.74,0.17,False,14,0,
T02070,NGO010,8172.06,0.74,29.62,0.18,False,18,0,
T02071,NGO010,12077.72,8.27,19.01,0.18,False,11,0,
T02072,NGO010,20322.12,3.96,24.35,0.17,False,16,0,
T02073,NGO010,24618.17,5.6,23.75,0.13,False,14,0,
T02074,NGO010,18386.15,8.6,22.2,0.17,False,15,0,
T02075,NGO010,25000.0,1.83,15.67,0.16,True,13,1,"Round-number amount, possible structuring"
T02076,NGO010,8735.17,10.01,20.24,0.11,False,12,0,
T02077,NGO010,36338.71,5.98,18.03,0.18,False,16,0,
T02078,NGO010,14614.85,0.47,23.1,0.15,False,13,0,
T02079,NGO010,13307.34,5.63,18.66,0.15,False,16,0,
T02080,NGO010,11756.81,3.38,21.31,0.12,False,14,0,
T02081,NGO010,23246.86,6.77,19.95,0.16,False,12,0,
T02082,NGO010,28128.7,7.75,21.82,0.15,False,15,0,
T02083,NGO010,42078.82,8.15,22.4,0.15,False,21,0,
T02084,NGO010,14053.02,5.27,22.73,0.14,False,11,0,
T02085,NGO010,28345.21,8.27,23.94,0.15,False,15,0,
T02086,NGO010,25077.17,9.94,16.91,0.13,False,13,0,
T02087,NGO010,7784.39,6.34,20.66,0.18,False,17,0,
T02088,NGO010,9261.88,5.36,19.34,0.17,False,6,0,
T02089,NGO010,44654.16,7.08,25.52,0.13,False,10,0,
T02090,NGO010,55352.6,8.77,17.16,0.18,False,12,0,
T02091,NGO010,17734.52,3.83,20.77,0.18,False,9,0,
T02092,NGO010,23642.29,7.26,22.64,0.15,False,10,0,
T02093,NGO010,5963.88,6.73,19.9,0.18,False,12,0,
T02094,NGO010,17693.56,4.03,23.76,0.11,False,10,0,
T02095,NGO010,14464.38,10.35,19.83,0.14,False,13,0,
T02096,NGO010,8540.66,8.4,26.54,0.22,False,12,0,
T02097,NGO010,17442.87,6.79,19.23,0.18,False,11,0,
T02098,NGO010,8679.49,5.66,23.68,0.15,False,17,0,
T02099,NGO010,25449.17,7.95,19.73,0.13,False,8,0,
T02100,NGO010,16114.59,3.09,22.36,0.18,False,15,0,
T02101,NGO010,15161.04,8.82,22.59,0.16,False,12,0,
T02102,NGO010,9720.54,0.97,21.65,0.15,False,15,0,
T02103,NGO010,2965.24,6.8,19.73,0.16,False,9,0,
T02104,NGO010,46626.66,7.78,16.44,0.14,False,19,0,
T02105,NGO010,16744.09,4.21,19.52,0.17,False,11,0,
T02106,NGO010,55351.03,8.77,25.49,0.16,False,14,0,
T02107,NGO010,4395.25,2.22,16.4,0.16,False,12,0,
T02108,NGO010,25265.76,11.41,21.05,0.19,False,8,0,
T02109,NGO010,26358.57,5.09,21.55,0.13,False,14,0,
T02110,NGO010,13803.7,2.81,22.93,0.18,False,12,0,
T02111,NGO010,8923.67,7.82,25.03,0.09,False,18,0,
T02112,NGO010,35321.53,4.01,17.05,0.14,False,14,0,
T02113,NGO010,12270.77,9.43,16.07,0.15,False,17,0,
T02114,NGO010,24029.49,6.15,24.89,0.17,False,9,0,
T02115,NGO010,14958.02,7.91,26.76,0.12,False,6,0,
T02116,NGO010,21364.96,2.77,18.79,0.17,False,9,0,
T02117,NGO010,16105.87,6.97,18.26,0.17,False,15,0,
T02118,NGO010,7127.83,3.89,24.26,0.12,False,15,0,
T02119,NGO010,9686.27,6.79,20.83,0.16,False,18,0,
T02120,NGO010,16423.98,5.8,23.78,0.18,False,12,0,
T02121,NGO010,19979.6,13.61,21.92,0.15,False,16,0,
T02122,NGO010,28639.48,6.31,24.75,0.14,False,15,0,
T02123,NGO010,11817.18,6.29,17.95,0.15,False,9,0,
T02124,NGO010,6977.08,10.11,27.46,0.15,False,14,0,
T02125,NGO010,44753.5,7.07,24.62,0.2,False,13,0,
T02126,NGO010,14448.05,5.75,21.49,0.21,False,9,0,
T02127,NGO010,28058.54,5.65,18.56,0.2,False,14,0,
T02128,NGO010,24964.13,5.63,24.47,0.19,False,15,0,
T02129,NGO010,17070.97,5.62,20.9,0.18,False,12,0,
T02130,NGO010,13522.98,6.06,23.75,0.17,False,10,0,
T02131,NGO010,37604.87,3.81,24.87,0.14,False,9,0,
T02132,NGO010,10491.44,0.7,22.85,0.16,False,14,0,
T02133,NGO010,27722.3,6.89,18.5,0.18,False,16,0,
T02134,NGO010,37917.17,7.67,18.97,0.18,False,7,0,
T02135,NGO010,33223.45,2.33,22.52,0.17,False,10,0,
T02136,NGO010,36986.61,3.37,19.67,0.2,False,9,0,
T02137,NGO010,18592.03,5.17,22.71,0.19,False,10,0,
T02138,NGO010,22206.71,5.98,25.05,0.18,False,9,0,
T02139,NGO010,7396.26,9.74,26.6,0.15,False,19,0,
T02140,NGO010,10339.71,13.56,25.75,0.08,False,12,0,
T02141,NGO010,9229.52,5.15,20.61,0.14,False,12,0,
T02142,NGO010,23115.6,4.17,21.68,0.15,False,16,0,
T02143,NGO010,12356.76,8.86,26.91,0.13,False,16,0,
T02144,NGO010,7316.56,4.52,25.38,0.13,False,10,0,
T02145,NGO010,3765.29,5.38,21.4,0.15,False,15,0,
T02146,NGO010,5620.59,11.14,21.36,0.14,False,17,0,
T02147,NGO010,4605.82,7.76,25.86,0.11,False,9,0,
T02148,NGO010,16032.68,1.94,23.67,0.14,False,12,0,
T02149,NGO010,6200.65,8.6,21.5,0.14,False,13,0,
T02150,NGO010,10258.94,9.83,15.08,0.13,False,9,0,
T02151,NGO010,16040.79,5.8,18.17,0.16,False,11,0,
T02152,NGO010,11730.72,9.29,15.67,0.19,False,15,0,
T02153,NGO010,10719.15,5.04,18.94,0.14,False,11,0,
T02154,NGO010,11068.84,4.29,26.67,0.14,False,11,0,
T02155,NGO010,10706.65,8.62,24.24,0.11,False,14,0,
T02156,NGO010,7268.77,5.73,20.35,0.15,False,14,0,
T02157,NGO010,17897.1,4.1,20.43,0.19,False,14,0,
T02158,NGO010,39057.6,8.17,18.85,0.23,False,20,0,
T02159,NGO010,33748.0,6.15,24.72,0.22,False,13,0,
T02160,NGO010,20997.62,6.71,26.93,0.14,False,11,0,
T02161,NGO010,11570.09,9.16,22.6,0.19,False,9,0,
T02162,NGO010,28306.45,1.64,20.21,0.17,False,16,0,
T02163,NGO010,35670.36,0.23,388.82,0.2,False,11,1,Unusually slow bill verification for this NGO (389h)
T02164,NGO010,11134.61,9.12,21.06,0.18,False,14,0,
T02165,NGO010,6942.03,3.24,18.1,0.16,False,15,0,
T02166,NGO010,9041.77,4.23,24.99,0.19,False,11,0,
T02167,NGO010,43618.21,0.17,23.46,0.16,False,14,0,
T02168,NGO010,7396.91,8.69,22.51,0.18,False,6,0,
T02169,NGO010,26177.81,5.45,18.98,0.15,False,12,0,
T02170,NGO010,8620.72,7.57,22.05,0.16,False,13,0,
T02171,NGO010,31717.94,2.9,16.44,0.14,False,13,0,
T02172,NGO010,8451.74,3.05,22.19,0.12,False,13,0,
T02173,NGO010,30598.35,5.31,23.84,0.18,False,14,0,
T02174,NGO010,43560.43,4.66,27.94,0.09,False,11,0,
T02175,NGO010,10420.52,2.66,23.88,0.13,False,17,0,
T02176,NGO010,59459.02,4.51,20.38,0.12,False,15,0,
T02177,NGO010,9508.17,5.63,18.24,0.19,False,12,0,
T02178,NGO010,8810.1,0.7,18.58,0.15,False,12,0,
T02179,NGO010,17492.06,2.35,19.28,0.17,False,11,0,
T02180,NGO010,15099.07,6.86,26.1,0.12,False,16,0,
T02181,NGO010,8148.15,7.91,25.63,0.15,False,7,0,
T02182,NGO010,19895.69,7.76,20.12,0.21,False,14,0,
T02183,NGO010,14965.63,2.04,22.7,0.18,False,11,0,
T02184,NGO010,13339.7,4.61,24.7,0.16,False,13,0,
T02185,NGO010,13026.81,3.15,24.72,0.16,False,11,0,
T02186,NGO010,13387.46,7.19,18.15,0.13,False,10,0,
T02187,NGO010,29836.47,12.77,22.97,0.15,False,10,0,
T02188,NGO010,18845.12,6.28,22.29,0.19,False,18,0,
T02189,NGO010,5728.26,3.56,23.82,0.16,False,8,0,
T02190,NGO010,29069.68,3.52,20.12,0.18,False,17,0,
T02191,NGO010,17966.72,4.6,18.35,0.14,False,11,0,
T02192,NGO010,26066.09,1.6,16.69,0.13,False,17,0,
T02193,NGO010,30330.8,3.54,24.76,0.11,False,16,0,
T02194,NGO010,33147.39,0.61,17.98,0.14,False,13,0,
T02195,NGO010,12463.03,9.11,23.83,0.16,False,15,0,
T02196,NGO010,10089.84,9.07,21.84,0.22,False,15,0,
T02197,NGO010,28122.68,9.26,27.05,0.19,False,14,0,
T02198,NGO010,27275.67,7.74,23.99,0.13,False,15,0,
T02199,NGO010,14220.93,4.77,25.42,0.19,False,16,0,
T02200,NGO010,9149.71,5.16,22.81,0.17,False,10,0,
T02201,NGO010,20338.19,6.99,20.26,0.18,False,19,0,
T02202,NGO010,17060.53,5.98,19.9,0.14,False,14,0,
T02203,NGO010,16128.1,6.24,20.84,0.2,False,14,0,
T02204,NGO010,24547.17,0.1,16.33,0.11,False,15,1,Disbursed within hours of donation arriving
T02205,NGO010,26859.54,8.5,19.31,0.19,False,6,0,
T02206,NGO010,19813.61,2.92,22.17,0.16,False,2,1,Disbursement created at unusual hour (2:00)
T02207,NGO010,19988.34,6.03,22.02,0.14,False,15,0,
T02208,NGO010,12875.42,7.93,20.36,0.15,False,12,0,
T02209,NGO010,8211.04,8.36,19.7,0.15,False,17,0,
T02210,NGO010,21586.42,3.53,21.18,0.14,False,11,0,
T02211,NGO010,23311.47,6.13,22.15,0.14,False,18,0,
T02212,NGO010,77919.11,2.48,25.57,0.18,False,8,0,
T02213,NGO010,12261.0,1.73,22.99,0.16,False,17,0,
T02214,NGO010,20034.63,9.09,21.28,0.15,False,14,0,
T02215,NGO010,27412.04,5.97,25.06,0.12,False,15,0,
T02216,NGO010,24259.03,7.27,21.39,0.2,False,15,0,
T02217,NGO010,8499.66,8.5,24.12,0.13,False,18,0,
T02218,NGO010,18533.6,2.39,28.01,0.11,False,15,0,
T02219,NGO010,11609.23,8.37,24.74,0.12,False,16,0,
T02220,NGO010,28990.96,1.39,16.96,0.14,False,11,0,
T02221,NGO010,18865.7,6.72,21.1,0.18,False,12,0,
T02222,NGO010,18533.73,3.55,24.1,0.81,False,13,1,NGO has unusually high pending/unverified disbursement ratio (81%)
T02223,NGO010,26594.3,4.75,22.31,0.19,False,17,0,
T02224,NGO010,17280.65,3.72,21.11,0.14,False,14,0,
T02225,NGO010,18859.41,9.46,131.01,0.19,False,12,1,Unusually slow bill verification for this NGO (131h)
T02226,NGO010,22810.6,10.63,17.96,0.16,False,14,0,
T02227,NGO010,13409.12,2.59,19.75,0.15,False,7,0,
T02228,NGO010,10588.41,7.95,20.63,0.19,False,10,0,
T02229,NGO010,7119.93,4.74,25.34,0.1,False,9,0,
T02230,NGO010,11630.02,5.52,24.7,0.15,False,20,0,
T02231,NGO010,8685.85,14.4,22.24,0.17,False,14,0,
T02232,NGO010,20980.02,12.21,24.22,0.21,False,11,0,
T02233,NGO010,7344.19,9.11,20.73,0.12,False,16,0,
T02234,NGO010,35950.95,9.59,22.95,0.16,False,11,0,
T02235,NGO010,50429.26,7.87,22.41,0.16,False,12,0,
T02236,NGO010,11229.14,4.88,18.4,0.15,False,14,0,
T02237,NGO010,34110.7,6.43,24.0,0.18,False,15,0,
T02238,NGO010,16519.9,13.2,23.25,0.13,False,11,0,
T02239,NGO010,12637.48,6.86,27.42,0.16,False,19,0,
T02240,NGO010,21666.05,9.09,20.54,0.14,False,10,0,
T02241,NGO010,15000.0,1.47,23.32,0.19,True,18,1,"Round-number amount, possible structuring"
T02242,NGO010,10455.1,2.87,24.73,0.14,False,10,0,
T02243,NGO010,22320.89,2.28,19.88,0.14,False,15,0,
T02244,NGO010,15669.6,10.87,16.29,0.13,False,9,0,
T02245,NGO010,42731.22,7.91,18.16,0.18,False,10,0,
T02246,NGO010,25652.66,9.32,16.56,0.17,False,10,0,
T02247,NGO010,12862.19,0.61,19.74,0.12,False,17,0,
T02248,NGO010,13106.11,6.99,22.51,0.17,False,13,0,
T02249,NGO010,58726.72,4.63,24.79,0.16,False,11,0,
T02250,NGO010,12348.51,6.17,30.08,0.2,False,17,0,
T02251,NGO010,12503.75,11.68,20.17,0.16,False,14,0,
T02252,NGO010,21380.09,6.45,26.63,0.11,False,17,0,
T02253,NGO010,48346.69,4.96,26.11,0.18,False,13,0,
T02254,NGO010,37146.29,7.81,21.65,0.14,False,14,0,
T02255,NGO010,19460.6,6.1,20.33,0.16,False,14,0,
T02256,NGO010,4230.21,3.63,25.82,0.18,False,18,0,
T02257,NGO010,11024.67,2.43,20.42,0.15,False,9,0,
T02258,NGO010,9299.57,11.09,12.86,0.17,False,9,0,
T02259,NGO010,31966.39,0.58,17.43,0.16,False,15,0,
T02260,NGO010,23177.2,7.57,21.01,0.11,False,12,0,
T02261,NGO010,25983.44,7.41,17.92,0.14,False,15,0,
T02262,NGO010,18275.55,5.67,25.88,0.16,False,17,0,
T02263,NGO010,22759.06,6.89,20.38,0.1,False,11,0,
T02264,NGO010,12021.44,7.76,19.86,0.14,False,15,0,
T02265,NGO010,15672.62,11.06,20.28,0.14,False,12,0,
T02266,NGO010,43152.83,3.81,27.45,0.19,False,10,0,
T02267,NGO010,23457.23,9.17,16.03,0.19,False,14,0,
T02268,NGO010,9815.8,7.42,21.39,0.11,False,9,0,
T02269,NGO010,12606.04,2.69,23.96,0.11,False,13,0,
T02270,NGO010,8315.0,11.98,22.12,0.15,False,10,0,
T02271,NGO010,6926.81,8.12,20.41,0.15,False,13,0,
T02272,NGO010,5531.92,6.58,20.0,0.25,False,10,0,
T02273,NGO010,9298.66,4.52,23.63,0.16,False,16,0,
T02274,NGO010,16946.0,12.56,22.47,0.18,False,5,0,
T02275,NGO011,7406.9,6.4,25.38,0.26,False,13,0,
T02276,NGO011,10733.72,6.36,336.58,0.28,False,13,1,Unusually slow bill verification for this NGO (337h)
T02277,NGO011,20915.23,1.95,28.58,0.27,False,12,0,
T02278,NGO011,11439.04,4.41,26.48,0.3,False,16,0,
T02279,NGO011,13155.21,0.61,27.94,0.31,False,15,0,
T02280,NGO011,14735.78,3.13,29.24,0.29,False,10,0,
T02281,NGO011,15839.35,6.73,25.36,0.33,False,10,0,
T02282,NGO011,17237.78,9.99,26.16,0.32,False,13,0,
T02283,NGO011,13456.67,2.74,26.69,0.3,False,17,0,
T02284,NGO011,20758.63,8.77,21.41,0.33,False,11,0,
T02285,NGO011,7129.44,9.65,29.14,0.35,False,17,0,
T02286,NGO011,35681.95,4.69,22.04,0.25,False,14,0,
T02287,NGO011,14468.46,0.88,26.13,0.33,False,13,0,
T02288,NGO011,11931.38,3.91,27.13,0.33,False,14,0,
T02289,NGO011,27489.58,5.77,31.21,0.3,False,11,0,
T02290,NGO011,9398.32,8.94,22.67,0.23,False,11,0,
T02291,NGO011,14342.04,1.91,22.34,0.31,False,12,0,
T02292,NGO011,20768.24,7.12,23.76,0.33,False,14,0,
T02293,NGO011,17307.43,7.17,26.42,0.3,False,13,0,
T02294,NGO011,44424.26,5.81,28.79,0.27,False,13,0,
T02295,NGO011,24207.36,11.07,20.82,0.29,False,16,0,
T02296,NGO011,9112.25,9.89,30.57,0.3,False,10,0,
T02297,NGO011,4940.23,5.78,27.76,0.28,False,11,0,
T02298,NGO011,13039.53,9.52,26.7,0.27,False,11,0,
T02299,NGO011,7654.15,7.94,26.57,0.32,False,12,0,
T02300,NGO011,19412.65,10.34,32.4,0.24,False,16,0,
T02301,NGO011,17042.23,5.33,343.15,0.3,False,15,1,Unusually slow bill verification for this NGO (343h)
T02302,NGO011,11873.78,4.95,23.36,0.3,False,11,0,
T02303,NGO011,9429.67,2.83,24.06,0.29,False,11,0,
T02304,NGO011,28921.87,7.73,28.54,0.3,False,6,0,
T02305,NGO011,27278.97,4.7,29.11,0.29,False,13,0,
T02306,NGO011,19667.85,1.53,25.65,0.28,False,13,0,
T02307,NGO011,25646.46,6.42,21.92,0.3,False,10,0,
T02308,NGO011,17732.76,6.04,23.77,0.29,False,10,0,
T02309,NGO011,13160.98,6.61,27.38,0.26,False,13,0,
T02310,NGO011,33679.6,4.79,28.2,0.36,False,15,0,
T02311,NGO011,7130.21,7.2,24.23,0.27,False,14,0,
T02312,NGO011,18225.34,3.67,26.13,0.3,False,15,0,
T02313,NGO011,11343.93,8.4,26.99,0.3,False,13,0,
T02314,NGO011,11750.57,8.3,24.02,0.3,False,13,0,
T02315,NGO011,14426.66,5.76,26.13,0.3,False,8,0,
T02316,NGO011,33104.97,8.49,28.07,0.3,False,14,0,
T02317,NGO011,24217.13,10.05,27.94,0.29,False,9,0,
T02318,NGO011,40834.76,7.13,19.88,0.27,False,10,0,
T02319,NGO011,20937.58,4.51,33.36,0.28,False,11,0,
T02320,NGO011,10085.69,7.76,27.3,0.31,False,9,0,
T02321,NGO011,43467.54,7.7,27.2,0.32,False,18,0,
T02322,NGO011,31743.45,9.6,27.91,0.28,False,9,0,
T02323,NGO011,2994.67,7.2,23.36,0.33,False,14,0,
T02324,NGO011,30280.3,7.28,19.87,0.33,False,18,0,
T02325,NGO011,12227.37,8.28,20.77,0.28,False,7,0,
T02326,NGO011,11081.02,4.26,31.69,0.26,False,10,0,
T02327,NGO011,22692.01,3.42,23.47,0.23,False,12,0,
T02328,NGO011,8970.43,3.23,25.52,0.3,False,17,0,
T02329,NGO011,5932.49,2.21,25.45,0.27,False,4,0,
T02330,NGO011,34277.71,7.54,27.34,0.31,False,9,0,
T02331,NGO011,9834.77,10.55,20.58,0.33,False,13,0,
T02332,NGO011,12466.41,7.14,25.52,0.3,False,9,0,
T02333,NGO011,9997.77,6.17,30.74,0.34,False,15,0,
T02334,NGO011,25276.44,2.62,27.23,0.34,False,11,0,
T02335,NGO011,16948.79,3.55,22.12,0.27,False,20,0,
T02336,NGO011,17586.18,7.82,278.38,0.25,False,18,1,Unusually slow bill verification for this NGO (278h)
T02337,NGO011,22679.74,8.22,23.51,0.34,False,11,0,
T02338,NGO011,35363.23,4.33,22.69,0.24,False,14,0,
T02339,NGO011,30940.0,5.93,18.6,0.31,False,11,0,
T02340,NGO011,7214.92,4.4,26.33,0.28,False,9,0,
T02341,NGO011,33080.66,4.58,25.36,0.23,False,9,0,
T02342,NGO011,22820.1,0.27,30.84,0.28,False,15,0,
T02343,NGO011,50521.05,9.45,25.8,0.3,False,17,0,
T02344,NGO011,22443.76,3.88,25.52,0.31,False,8,0,
T02345,NGO011,16614.98,10.61,30.64,0.3,False,20,0,
T02346,NGO011,16038.74,1.02,21.02,0.3,False,11,0,
T02347,NGO011,6423.64,7.1,23.2,0.32,False,15,0,
T02348,NGO011,36653.72,3.56,23.36,0.33,False,14,0,
T02349,NGO011,48177.54,3.93,30.69,0.28,False,10,0,
T02350,NGO011,19204.7,8.72,29.13,0.28,False,10,0,
T02351,NGO011,9790.77,3.75,26.85,0.33,False,8,0,
T02352,NGO011,19802.8,7.65,23.57,0.28,False,11,0,
T02353,NGO011,25331.79,4.24,24.34,0.23,False,15,0,
T02354,NGO011,25629.51,0.59,25.33,0.31,False,16,0,
T02355,NGO011,11081.14,8.23,26.98,0.31,False,13,0,
T02356,NGO011,20070.65,5.88,25.77,0.26,False,14,0,
T02357,NGO011,28618.31,8.47,27.38,0.33,False,12,0,
T02358,NGO011,5837.54,1.15,24.75,0.27,False,11,0,
T02359,NGO011,4413.12,8.1,31.95,0.31,False,12,0,
T02360,NGO011,15833.6,7.13,24.7,0.22,False,11,0,
T02361,NGO011,24223.59,5.7,30.99,0.31,False,11,0,
T02362,NGO011,14239.3,0.06,25.72,0.3,False,12,0,
T02363,NGO011,9821.83,6.28,26.19,0.24,False,12,0,
T02364,NGO011,22245.07,2.88,24.3,0.31,False,9,0,
T02365,NGO011,58059.78,3.77,24.33,0.29,False,10,0,
T02366,NGO011,29852.67,1.22,21.9,0.29,False,12,0,
T02367,NGO011,10389.37,7.32,28.01,0.3,False,10,0,
T02368,NGO011,20971.34,4.72,19.75,0.33,False,13,0,
T02369,NGO011,17345.48,0.79,32.61,0.28,False,15,0,
T02370,NGO011,16003.71,7.13,24.68,0.3,False,10,0,
T02371,NGO011,47523.1,6.17,26.15,0.29,False,12,0,
T02372,NGO011,9200.03,11.93,26.87,0.32,False,13,0,
T02373,NGO011,50429.43,9.92,28.75,0.29,False,13,0,
T02374,NGO011,7902.61,12.69,25.7,0.27,False,5,0,
T02375,NGO011,15035.94,7.44,29.85,0.3,False,13,0,
T02376,NGO011,16481.03,8.75,27.3,0.33,False,12,0,
T02377,NGO011,9885.22,5.38,29.74,0.27,False,12,0,
T02378,NGO011,18791.82,7.41,22.74,0.3,False,14,0,
T02379,NGO011,10189.91,6.33,27.31,0.34,False,15,0,
T02380,NGO011,19148.93,6.08,25.78,0.29,False,10,0,
T02381,NGO011,17521.7,5.27,18.35,0.3,False,13,0,
T02382,NGO011,12309.53,8.49,21.45,0.23,False,15,0,
T02383,NGO011,26109.25,4.01,23.54,0.28,False,15,0,
T02384,NGO011,27655.76,3.92,28.62,0.27,False,14,0,
T02385,NGO011,15866.76,5.32,25.15,0.27,False,8,0,
T02386,NGO011,5156.74,9.88,23.2,0.34,False,10,0,
T02387,NGO011,39859.42,0.15,25.57,0.28,False,4,0,
T02388,NGO011,7372.02,12.16,27.85,0.31,False,14,0,
T02389,NGO011,53184.99,4.24,19.29,0.23,False,16,0,
T02390,NGO011,15900.69,0.4,26.22,0.27,False,16,0,
T02391,NGO011,9223.14,3.65,28.91,0.3,False,14,0,
T02392,NGO011,9952.9,5.94,27.89,0.31,False,12,0,
T02393,NGO011,10131.31,7.05,35.15,0.32,False,21,0,
T02394,NGO011,25000.0,9.05,28.32,0.3,True,10,1,"Round-number amount, possible structuring"
T02395,NGO011,18422.02,3.83,25.46,0.24,False,15,0,
T02396,NGO011,28046.08,7.25,25.53,0.3,False,12,0,
T02397,NGO011,10842.4,8.8,26.86,0.29,False,11,0,
T02398,NGO011,14788.7,6.78,24.3,0.32,False,13,0,
T02399,NGO011,14081.2,3.38,24.0,0.34,False,14,0,
T02400,NGO011,20415.88,3.19,21.3,0.26,False,9,0,
T02401,NGO011,25806.05,6.68,22.46,0.28,False,14,0,
T02402,NGO011,23951.68,5.33,24.66,0.36,False,15,0,
T02403,NGO011,8383.49,7.12,31.65,0.29,False,18,0,
T02404,NGO011,11178.79,2.27,22.13,0.28,False,12,0,
T02405,NGO011,12970.11,8.97,23.51,0.28,False,17,0,
T02406,NGO011,10812.42,0.52,30.14,0.28,False,10,0,
T02407,NGO011,9813.28,6.82,26.59,0.26,False,11,0,
T02408,NGO011,29663.23,4.43,22.56,0.33,False,11,0,
T02409,NGO011,12140.82,8.47,27.68,0.31,False,12,0,
T02410,NGO011,17844.18,5.06,25.15,0.27,False,10,0,
T02411,NGO011,7904.68,8.02,26.88,0.29,False,5,0,
T02412,NGO011,11032.98,12.45,22.27,0.33,False,10,0,
T02413,NGO011,7390.37,5.39,22.18,0.33,False,14,0,
T02414,NGO011,13407.09,5.67,24.66,0.27,False,13,0,
T02415,NGO011,28675.11,7.12,27.24,0.28,False,15,0,
T02416,NGO011,8827.8,7.03,23.43,0.28,False,11,0,
T02417,NGO011,8386.68,8.09,17.66,0.26,False,17,0,
T02418,NGO011,13502.1,5.76,25.98,0.23,False,11,0,
T02419,NGO011,21271.6,8.01,22.65,0.29,False,13,0,
T02420,NGO011,17034.69,9.42,18.61,0.27,False,11,0,
T02421,NGO011,17563.05,0.3,23.7,0.29,False,15,0,
T02422,NGO011,9825.36,3.64,22.68,0.21,False,12,0,
T02423,NGO011,15583.05,10.17,22.05,0.31,False,7,0,
T02424,NGO011,19901.06,8.08,27.46,0.34,False,9,0,
T02425,NGO011,9323.07,7.09,23.23,0.3,False,13,0,
T02426,NGO011,29621.75,5.54,23.59,0.32,False,12,0,
T02427,NGO011,44790.52,0.96,21.49,0.29,False,13,0,
T02428,NGO011,14476.64,5.46,24.55,0.33,False,11,0,
T02429,NGO011,17174.6,8.03,21.68,0.34,False,11,0,
T02430,NGO011,21191.62,9.17,24.35,0.3,False,17,0,
T02431,NGO011,23002.27,9.43,26.88,0.29,False,13,0,
T02432,NGO011,26111.83,9.65,30.99,0.25,False,10,0,
T02433,NGO011,6225.57,11.41,27.92,0.27,False,10,0,
T02434,NGO011,16817.49,6.93,26.7,0.31,False,12,0,
T02435,NGO011,16087.36,5.43,27.07,0.23,False,14,0,
T02436,NGO011,20455.43,2.61,24.61,0.3,False,11,0,
T02437,NGO011,19085.4,11.11,25.84,0.25,False,12,0,
T02438,NGO011,7988.4,2.49,24.91,0.27,False,14,0,
T02439,NGO011,3569.23,2.3,26.66,0.32,False,18,0,
T02440,NGO011,19685.72,8.4,28.05,0.32,False,14,0,
T02441,NGO011,11112.17,1.28,27.24,0.31,False,10,0,
T02442,NGO011,8149.01,2.25,26.21,0.31,False,15,0,
T02443,NGO011,16983.16,9.18,24.32,0.32,False,12,0,
T02444,NGO011,10964.95,8.07,26.31,0.34,False,12,0,
T02445,NGO011,16943.76,11.57,29.68,0.32,False,15,0,
T02446,NGO011,11716.55,11.6,24.32,0.32,False,16,0,
T02447,NGO011,15145.01,9.04,27.96,0.31,False,14,0,
T02448,NGO011,21019.16,7.14,22.78,0.29,False,15,0,
T02449,NGO011,10404.28,5.66,23.0,0.31,False,16,0,
T02450,NGO011,33979.69,1.25,29.56,0.3,False,11,0,
T02451,NGO011,48111.2,4.95,18.78,0.27,False,11,0,
T02452,NGO011,7868.23,6.2,26.58,0.28,False,10,0,
T02453,NGO011,12177.08,6.11,22.09,0.3,False,12,0,
T02454,NGO011,12749.85,5.0,23.2,0.26,False,12,0,
T02455,NGO011,6598.46,6.39,24.8,0.27,False,13,0,
T02456,NGO011,20602.4,7.71,29.45,0.26,False,11,0,
T02457,NGO011,16212.42,6.53,25.17,0.35,False,7,0,
T02458,NGO011,7245.18,10.0,23.15,0.31,False,12,0,
T02459,NGO011,30001.78,3.21,24.43,0.29,False,17,0,
T02460,NGO011,10431.72,10.39,28.84,0.31,False,13,0,
T02461,NGO011,12387.99,3.23,30.41,0.28,False,15,0,
T02462,NGO011,30027.32,7.67,27.13,0.28,False,18,0,
T02463,NGO011,7685.44,6.95,28.37,0.26,False,12,0,
T02464,NGO011,20618.73,2.19,28.88,0.28,False,11,0,
T02465,NGO011,11378.17,7.5,24.61,0.32,False,9,0,
T02466,NGO011,23941.02,10.85,31.27,0.32,False,15,0,
T02467,NGO011,27794.86,5.62,27.46,0.24,False,14,0,
T02468,NGO011,42313.72,3.45,23.54,0.3,False,11,0,
T02469,NGO011,28680.53,1.29,22.48,0.34,False,15,0,
T02470,NGO011,21435.67,5.84,21.4,0.32,False,15,0,
T02471,NGO011,11313.84,4.23,29.87,0.31,False,10,0,
T02472,NGO011,13750.03,3.42,23.74,0.28,False,10,0,
T02473,NGO011,15989.75,5.97,24.43,0.28,False,10,0,
T02474,NGO011,19060.01,5.22,24.25,0.28,False,19,0,
T02475,NGO011,29017.56,3.71,22.94,0.25,False,11,0,
T02476,NGO011,14358.06,10.34,26.02,0.3,False,19,0,
T02477,NGO011,9413.57,7.24,30.7,0.26,False,15,0,
T02478,NGO011,29049.38,4.76,22.45,0.29,False,10,0,
T02479,NGO011,11720.35,6.21,18.92,0.27,False,16,0,
T02480,NGO011,15063.95,7.34,23.37,0.26,False,14,0,
T02481,NGO011,14432.75,9.09,25.46,0.36,False,12,0,
T02482,NGO011,43041.37,8.88,24.19,0.25,False,12,0,
T02483,NGO011,12552.33,4.15,28.36,0.32,False,10,0,
T02484,NGO011,10219.09,2.46,26.35,0.3,False,10,0,
T02485,NGO011,4654.07,6.05,19.35,0.26,False,11,0,
T02486,NGO011,8125.12,4.04,32.24,0.31,False,15,0,
T02487,NGO011,20713.75,7.84,22.56,0.27,False,13,0,
T02488,NGO011,20032.94,6.52,23.52,0.3,False,9,0,
T02489,NGO011,7401.09,9.98,24.36,0.27,False,9,0,
T02490,NGO011,8241.26,10.01,28.1,0.31,False,13,0,
T02491,NGO011,42680.58,8.87,23.78,0.3,False,6,0,
T02492,NGO011,23171.29,5.04,25.34,0.32,False,15,0,
T02493,NGO011,9397.14,5.67,20.38,0.34,False,16,0,
T02494,NGO011,12582.01,6.98,29.37,0.8,False,13,1,NGO has unusually high pending/unverified disbursement ratio (80%)
T02495,NGO011,9564.03,1.61,22.95,0.3,False,12,0,
T02496,NGO011,34510.61,4.56,23.65,0.32,False,15,0,
T02497,NGO011,13721.29,7.44,22.67,0.29,False,10,0,
T02498,NGO012,32260.85,9.96,31.31,0.1,False,12,0,
T02499,NGO012,25455.76,3.13,34.89,0.02,False,8,0,
T02500,NGO012,14196.18,6.61,32.59,0.04,False,13,0,
T02501,NGO012,12011.0,4.08,34.95,0.11,False,9,0,
T02502,NGO012,16301.74,3.05,37.1,0.09,False,11,0,
T02503,NGO012,14043.49,3.48,36.48,0.0,False,12,0,
T02504,NGO012,31191.91,6.49,38.74,0.0,False,14,0,
T02505,NGO012,5802.53,10.15,36.88,0.1,False,8,0,
T02506,NGO012,14933.29,5.23,40.68,0.12,False,13,0,
T02507,NGO012,20199.48,3.62,40.34,0.03,False,18,0,
T02508,NGO012,8093.14,11.49,42.85,0.05,False,10,0,
T02509,NGO012,27167.75,5.74,40.47,0.03,False,8,0,
T02510,NGO012,12104.47,5.37,34.55,0.07,False,12,0,
T02511,NGO012,14672.3,6.86,36.4,0.01,False,12,0,
T02512,NGO012,17372.52,0.05,34.59,0.05,False,18,0,
T02513,NGO012,13716.21,7.8,38.77,0.07,False,12,0,
T02514,NGO012,22121.68,9.74,32.68,0.0,False,8,0,
T02515,NGO012,16510.9,9.55,29.37,0.05,False,18,0,
T02516,NGO012,25969.28,7.86,39.78,0.04,False,10,0,
T02517,NGO012,19606.39,7.53,38.34,0.09,False,9,0,
T02518,NGO012,16534.62,7.25,34.12,0.07,False,10,0,
T02519,NGO012,8885.31,5.63,32.75,0.02,False,11,0,
T02520,NGO012,19708.67,3.92,37.88,0.08,False,16,0,
T02521,NGO012,13004.11,4.88,34.18,0.01,False,14,0,
T02522,NGO012,25645.77,2.79,39.05,0.07,False,7,0,
T02523,NGO012,7630.53,9.38,39.35,0.06,False,15,0,
T02524,NGO012,16853.53,1.44,41.1,0.07,False,17,0,
T02525,NGO012,14457.89,8.22,37.69,0.01,False,10,0,
T02526,NGO012,49998.02,5.36,35.29,0.04,False,14,0,
T02527,NGO012,9410.81,9.13,42.49,0.08,False,16,0,
T02528,NGO012,15659.57,7.08,37.39,0.0,False,12,0,
T02529,NGO012,6600.71,5.81,32.68,0.05,False,9,0,
T02530,NGO012,32567.96,7.63,39.92,0.06,False,14,0,
T02531,NGO012,15153.95,7.82,32.99,0.05,False,19,0,
T02532,NGO012,25543.9,9.49,35.71,0.05,False,8,0,
T02533,NGO012,17624.28,7.02,34.57,0.06,False,15,0,
T02534,NGO012,36522.23,3.92,37.45,0.0,False,11,0,
T02535,NGO012,28668.68,9.44,27.36,0.09,False,16,0,
T02536,NGO012,13911.51,8.63,33.55,0.08,False,11,0,
T02537,NGO012,15241.34,6.17,31.43,0.02,False,16,0,
T02538,NGO012,14978.22,6.63,34.89,0.04,False,13,0,
T02539,NGO012,15211.48,5.45,39.77,0.05,False,13,0,
T02540,NGO012,28233.06,9.01,36.15,0.0,False,11,0,
T02541,NGO012,16997.77,1.33,39.73,0.01,False,9,0,
T02542,NGO012,12824.21,6.22,34.27,0.03,False,11,0,
T02543,NGO012,11238.25,3.92,37.99,0.0,False,11,0,
T02544,NGO012,7036.14,6.73,37.12,0.01,False,16,0,
T02545,NGO012,19345.27,9.36,38.24,0.07,False,7,0,
T02546,NGO012,23733.22,7.9,34.16,0.07,False,14,0,
T02547,NGO012,21604.77,6.96,33.35,0.06,False,18,0,
T02548,NGO012,7596.17,6.6,33.27,0.07,False,13,0,
T02549,NGO012,16413.73,7.27,35.34,0.09,False,8,0,
T02550,NGO012,12477.36,7.31,36.49,0.05,False,12,0,
T02551,NGO012,14530.72,4.9,35.19,0.04,False,11,0,
T02552,NGO012,6350.15,9.07,40.76,0.08,False,14,0,
T02553,NGO012,25467.24,6.89,30.86,0.06,False,13,0,
T02554,NGO012,28751.07,5.68,34.72,0.06,False,15,0,
T02555,NGO012,19671.49,7.37,36.33,0.05,False,6,0,
T02556,NGO012,9864.56,3.93,30.76,0.07,False,8,0,
T02557,NGO012,20935.84,4.06,34.43,0.03,False,11,0,
T02558,NGO012,15864.99,4.35,36.95,0.04,False,12,0,
T02559,NGO012,42743.08,2.3,148.18,0.04,False,10,1,Unusually slow bill verification for this NGO (148h)
T02560,NGO012,33667.35,3.99,35.74,0.05,False,16,0,
T02561,NGO012,36666.07,2.65,40.7,0.04,False,14,0,
T02562,NGO012,28154.5,5.91,40.68,0.03,False,15,0,
T02563,NGO012,9528.18,7.33,38.79,0.08,False,19,0,
T02564,NGO012,36993.21,3.5,35.76,0.07,False,12,0,
T02565,NGO012,21244.88,10.73,37.34,0.01,False,11,0,
T02566,NGO012,20361.81,5.71,36.18,0.0,False,14,0,
T02567,NGO012,19337.95,6.63,37.93,0.06,False,12,0,
T02568,NGO012,9405.67,8.43,36.19,0.8,False,9,1,NGO has unusually high pending/unverified disbursement ratio (80%)
T02569,NGO012,19368.41,7.94,37.46,0.04,False,16,0,
T02570,NGO012,13903.0,7.16,39.13,0.06,False,10,0,
T02571,NGO012,8460.92,5.04,31.85,0.14,False,8,0,
T02572,NGO012,16405.92,3.14,40.26,0.06,False,15,0,
T02573,NGO012,18338.63,6.72,35.24,0.02,False,16,0,
T02574,NGO012,33580.96,5.36,32.87,0.04,False,10,0,
T02575,NGO012,16904.96,60.35,33.91,0.02,False,16,1,Donation sat unspent for 60 days before disbursement
T02576,NGO012,12651.68,6.33,35.61,0.1,False,11,0,
T02577,NGO012,25616.33,8.84,34.08,0.04,False,10,0,
T02578,NGO012,14533.79,6.58,38.83,0.04,False,14,0,
T02579,NGO012,21485.45,2.26,36.43,0.07,False,12,0,
T02580,NGO012,22095.29,10.78,33.84,0.07,False,13,0,
T02581,NGO012,9434.94,9.67,384.97,0.01,False,9,1,Unusually slow bill verification for this NGO (385h)
T02582,NGO012,16459.89,3.36,38.94,0.05,False,11,0,
T02583,NGO012,10397.77,3.79,36.36,0.11,False,13,0,
T02584,NGO012,53036.67,2.34,40.41,0.08,False,16,0,
T02585,NGO012,16064.4,8.68,37.65,0.05,False,18,0,
T02586,NGO012,12569.19,0.95,33.74,0.05,False,15,0,
T02587,NGO012,12737.22,7.77,35.89,0.05,False,9,0,
T02588,NGO012,9451.83,7.01,36.52,0.02,False,7,0,
T02589,NGO012,24770.15,5.64,29.61,0.05,False,12,0,
T02590,NGO012,20615.88,4.4,40.59,0.06,False,16,0,
T02591,NGO012,26223.48,8.56,34.3,0.05,False,14,0,
T02592,NGO012,27726.72,7.64,37.05,0.04,False,9,0,
T02593,NGO012,29130.25,3.16,35.63,0.07,False,13,0,
T02594,NGO012,24015.83,1.45,38.12,0.08,False,6,0,
T02595,NGO012,7643.2,9.54,38.32,0.05,False,19,0,
T02596,NGO012,28645.27,9.53,32.98,0.11,False,13,0,
T02597,NGO012,20641.48,2.43,34.61,0.06,False,8,0,
T02598,NGO012,21098.43,4.88,34.5,0.06,False,16,0,
T02599,NGO012,9115.73,8.64,38.95,0.08,False,18,0,
T02600,NGO012,13015.23,4.75,30.01,0.04,False,15,0,
T02601,NGO012,35638.98,7.83,34.66,0.11,False,20,0,
T02602,NGO012,28829.8,7.38,39.27,0.0,False,16,0,
T02603,NGO012,15894.32,7.72,40.84,0.06,False,14,0,
T02604,NGO012,23675.46,3.99,328.86,0.1,False,14,1,Unusually slow bill verification for this NGO (329h)
T02605,NGO012,16759.18,1.02,40.07,0.01,False,11,0,
T02606,NGO012,12460.31,3.48,34.62,0.0,False,19,0,
T02607,NGO012,10521.91,10.04,34.5,0.02,False,18,0,
T02608,NGO012,21130.33,2.6,36.39,0.12,False,14,0,
T02609,NGO012,32373.33,7.4,31.08,0.02,False,9,0,
T02610,NGO012,15265.69,5.16,35.37,0.09,False,15,0,
T02611,NGO012,12097.51,1.81,38.56,0.05,False,11,0,
T02612,NGO012,17020.42,7.39,35.9,0.1,False,16,0,
T02613,NGO012,23143.07,9.81,37.62,0.04,False,15,0,
T02614,NGO012,26412.24,7.48,37.51,0.13,False,12,0,
T02615,NGO012,21232.13,7.86,38.79,0.02,False,7,0,
T02616,NGO012,21670.79,6.64,38.79,0.06,False,16,0,
T02617,NGO012,8790.17,1.37,36.13,0.06,False,12,0,
T02618,NGO012,20763.98,109.46,35.23,0.04,False,11,1,Donation sat unspent for 109 days before disbursement
T02619,NGO012,19163.5,7.87,36.18,0.07,False,16,0,
T02620,NGO012,45869.39,7.24,39.12,0.07,False,14,0,
T02621,NGO012,8771.1,7.69,41.4,0.08,False,16,0,
T02622,NGO012,13253.19,7.44,37.01,0.03,False,12,0,
T02623,NGO012,20953.88,8.08,33.06,0.09,False,14,0,
T02624,NGO012,15291.08,3.82,39.28,0.09,False,10,0,
T02625,NGO012,37505.97,6.57,31.18,0.07,False,14,0,
T02626,NGO012,38353.77,0.1,38.9,0.06,False,4,1,Disbursed within hours of donation arriving
T02627,NGO012,21429.67,7.44,34.87,0.05,False,13,0,
T02628,NGO012,11253.13,1.53,37.27,0.01,False,15,0,
T02629,NGO012,7899.36,5.74,36.37,0.08,False,11,0,
T02630,NGO012,22903.0,15.65,33.52,0.07,False,14,0,
T02631,NGO012,12273.45,8.33,29.24,0.0,False,9,0,
T02632,NGO012,19048.48,8.7,35.16,0.04,False,11,0,
T02633,NGO012,16381.44,8.38,32.51,0.1,False,11,0,
T02634,NGO012,11496.73,5.95,39.08,0.08,False,11,0,
T02635,NGO012,15311.06,4.93,38.32,0.1,False,13,0,
T02636,NGO012,14759.98,8.97,40.76,0.09,False,13,0,
T02637,NGO012,13618.93,7.76,39.8,0.0,False,12,0,
T02638,NGO012,19778.7,66.93,29.61,0.07,False,15,1,Donation sat unspent for 67 days before disbursement
T02639,NGO012,10372.12,4.95,33.84,0.02,False,8,0,
T02640,NGO012,16953.22,3.41,31.18,0.06,False,12,0,
T02641,NGO012,44227.36,3.18,35.44,0.01,False,8,0,
T02642,NGO012,38216.44,7.17,41.39,0.1,False,15,0,
T02643,NGO012,23566.54,2.61,37.09,0.07,False,7,0,
T02644,NGO012,8806.95,7.95,40.53,0.06,False,12,0,
T02645,NGO012,11510.48,7.94,38.68,0.04,False,13,0,
T02646,NGO012,11422.19,3.49,39.04,0.02,False,13,0,
T02647,NGO012,7826.69,11.54,37.07,0.06,False,12,0,
T02648,NGO012,16491.37,8.22,35.86,0.11,False,12,0,
T02649,NGO012,10486.5,9.65,33.65,0.04,False,12,0,
T02650,NGO012,13431.08,5.17,38.63,0.04,False,13,0,
T02651,NGO012,20568.89,5.95,35.68,0.09,False,11,0,
T02652,NGO012,22529.56,5.36,34.35,0.07,False,10,0,
T02653,NGO012,17247.84,10.96,36.81,0.04,False,17,0,
T02654,NGO012,20751.21,5.17,35.3,0.04,False,11,0,
T02655,NGO012,27303.91,9.28,41.66,0.06,False,12,0,
T02656,NGO012,25828.77,4.26,36.53,0.09,False,10,0,
T02657,NGO012,6963.63,8.33,37.91,0.07,False,13,0,
T02658,NGO012,37916.36,4.48,37.64,0.02,False,11,0,
T02659,NGO012,29609.95,9.97,33.51,0.04,False,13,0,
T02660,NGO012,26534.23,2.15,37.26,0.04,False,9,0,
T02661,NGO012,20645.92,5.16,31.51,0.14,False,13,0,
T02662,NGO012,17351.46,6.9,39.71,0.04,False,10,0,
T02663,NGO012,9057.6,8.38,41.98,0.06,False,16,0,
T02664,NGO012,14977.95,7.39,36.06,0.09,False,8,0,
T02665,NGO012,9077.01,5.8,36.98,0.04,False,14,0,
T02666,NGO012,25624.83,2.1,37.43,0.1,False,11,0,
T02667,NGO012,12552.35,8.06,38.24,0.06,False,13,0,
T02668,NGO012,9819.39,9.5,35.21,0.03,False,12,0,
T02669,NGO012,15417.82,4.44,33.48,0.07,False,17,0,
T02670,NGO012,29286.73,10.9,38.82,0.0,False,11,0,
T02671,NGO012,15826.25,7.09,33.86,0.0,False,13,0,
T02672,NGO012,10580.13,5.72,33.02,0.06,False,8,0,
T02673,NGO012,3391.57,5.13,38.91,0.02,False,15,0,
T02674,NGO012,30811.8,5.2,26.25,0.0,False,9,0,
T02675,NGO012,47035.65,6.86,33.6,0.09,False,7,0,
T02676,NGO012,8299.54,8.93,35.8,0.07,False,13,0,
T02677,NGO012,17033.59,6.81,36.47,0.03,False,12,0,
T02678,NGO012,18967.4,12.51,37.09,0.08,False,10,0,
T02679,NGO012,13782.48,7.75,32.87,0.01,False,10,0,
T02680,NGO012,14437.57,8.63,35.22,0.0,False,14,0,
T02681,NGO012,29167.87,1.47,36.84,0.03,False,19,0,
T02682,NGO012,36018.17,3.28,36.94,0.02,False,23,0,
T02683,NGO012,32175.2,7.28,33.83,0.07,False,11,0,
T02684,NGO012,26628.16,5.92,33.79,0.01,False,14,0,
T02685,NGO012,15340.55,6.09,35.57,0.12,False,12,0,
T02686,NGO012,22533.72,9.21,34.01,0.04,False,14,0,
T02687,NGO012,4102.61,5.88,36.2,0.07,False,19,0,
T02688,NGO012,13239.64,7.47,35.55,0.08,False,14,0,
T02689,NGO012,21077.5,6.13,33.44,0.04,False,5,0,
T02690,NGO012,18577.06,10.39,37.24,0.06,False,15,0,
T02691,NGO012,7537.35,4.25,36.3,0.8,False,15,1,NGO has unusually high pending/unverified disbursement ratio (80%)
T02692,NGO012,11358.85,3.12,36.81,0.0,False,18,0,
T02693,NGO012,17645.16,6.66,34.17,0.06,False,8,0,
T02694,NGO012,4877.27,2.55,37.45,0.05,False,18,0,
T02695,NGO012,11951.93,6.92,36.17,0.01,False,12,0,
T02696,NGO012,18044.84,2.64,33.41,0.04,False,13,0,
T02697,NGO012,14423.78,5.44,30.84,0.05,False,13,0,
T02698,NGO012,63184.95,8.39,38.03,0.05,False,14,0,
T02699,NGO012,12399.23,4.56,35.44,0.04,False,12,0,
T02700,NGO012,12935.49,2.58,37.31,0.04,False,11,0,
T02701,NGO012,11896.15,5.56,35.64,0.07,False,15,0,
T02702,NGO012,18436.93,4.92,34.33,0.03,False,13,0,
T02703,NGO012,6503.49,7.67,35.33,0.04,False,17,0,
T02704,NGO012,9697.02,4.49,37.26,0.1,False,11,0,
T02705,NGO012,33246.26,7.27,37.07,0.13,False,14,0,
T02706,NGO012,9764.5,6.15,37.53,0.03,False,11,0,
T02707,NGO012,7528.22,3.0,37.06,0.08,False,12,0,
T02708,NGO012,8405.36,3.86,34.71,0.1,False,13,0,
T02709,NGO012,24802.2,9.49,30.6,0.02,False,15,0,
T02710,NGO012,22601.75,6.06,37.38,0.07,False,14,0,
T02711,NGO012,16654.27,3.09,38.05,0.09,False,16,0,
T02712,NGO012,23632.58,2.76,41.0,0.06,False,13,0,
T02713,NGO012,17595.7,7.0,33.81,0.04,False,11,0,
T02714,NGO012,16309.21,8.16,32.67,0.0,False,13,0,
T02715,NGO012,19795.55,4.46,33.33,0.07,False,13,0,
T02716,NGO012,64055.45,6.05,33.32,0.04,False,15,0,
T02717,NGO012,13620.88,7.97,39.96,0.07,False,14,0,
T02718,NGO012,29830.35,4.04,37.92,0.04,False,13,0,
T02719,NGO012,32671.29,3.14,33.34,0.06,False,18,0,
T02720,NGO012,24445.22,5.43,34.95,0.03,False,11,0,
T02721,NGO012,24392.1,1.29,35.13,0.0,False,10,0,
T02722,NGO012,7453.7,6.53,34.17,0.05,False,11,0,
T02723,NGO012,15634.76,12.84,41.05,0.08,False,13,0,
T02724,NGO012,20561.93,3.95,35.07,0.05,False,10,0,
T02725,NGO012,3873.42,5.91,35.42,0.08,False,16,0,
T02726,NGO012,67123.33,4.71,37.53,0.05,False,6,0,
T02727,NGO012,20613.55,6.06,36.28,0.06,False,14,0,
T02728,NGO012,27375.29,6.67,34.08,0.04,False,12,0,
T02729,NGO012,8034.68,8.1,37.11,0.05,False,12,0,
T02730,NGO012,17593.83,7.47,36.91,0.04,False,14,0,
T02731,NGO012,22402.21,1.19,29.76,0.08,False,8,0,
T02732,NGO012,14786.68,4.76,40.72,0.1,False,18,0,
T02733,NGO012,18542.54,5.53,29.44,0.1,False,1,1,Disbursement created at unusual hour (1:00)
T02734,NGO012,14585.35,6.95,30.38,0.06,False,12,0,
T02735,NGO012,12729.04,6.09,31.53,0.05,False,16,0,
T02736,NGO012,14120.88,6.2,38.91,0.08,False,13,0,
T02737,NGO013,27664.44,11.02,39.98,0.12,False,16,0,
T02738,NGO013,12617.62,4.88,46.41,0.15,False,11,0,
T02739,NGO013,21618.97,9.21,37.35,0.12,False,13,0,
T02740,NGO013,10710.34,3.43,45.25,0.15,False,14,0,
T02741,NGO013,9182.0,3.01,43.24,0.18,False,13,0,
T02742,NGO013,6709.54,4.66,45.37,0.12,False,16,0,
T02743,NGO013,11172.35,0.25,39.74,0.14,False,13,0,
T02744,NGO013,22842.99,6.2,41.9,0.16,False,13,0,
T02745,NGO013,18528.37,3.23,40.15,0.07,False,10,0,
T02746,NGO013,6440.26,3.92,44.35,0.11,False,9,0,
T02747,NGO013,18792.46,8.23,39.59,0.11,False,11,0,
T02748,NGO013,6943.38,7.96,43.41,0.16,False,13,0,
T02749,NGO013,21315.91,3.6,45.18,0.14,False,15,0,
T02750,NGO013,7978.35,107.49,44.01,0.1,False,11,1,Donation sat unspent for 107 days before disbursement
T02751,NGO013,10207.9,3.14,41.28,0.15,False,10,0,
T02752,NGO013,20229.49,6.05,49.14,0.16,False,12,0,
T02753,NGO013,11389.06,4.89,43.32,0.18,False,9,0,
T02754,NGO013,21638.53,3.98,45.48,0.12,False,16,0,
T02755,NGO013,16819.94,4.49,40.33,0.08,False,7,0,
T02756,NGO013,31170.61,6.13,43.7,0.11,False,9,0,
T02757,NGO013,23774.44,6.49,41.33,0.17,False,12,0,
T02758,NGO013,32096.03,7.14,40.12,0.14,False,15,0,
T02759,NGO013,10177.01,5.17,45.81,0.12,False,3,1,Disbursement created at unusual hour (3:00)
T02760,NGO013,6255.2,0.84,41.05,0.13,False,14,0,
T02761,NGO013,21437.19,2.81,40.33,0.16,False,17,0,
T02762,NGO013,22003.11,5.75,41.34,0.13,False,17,0,
T02763,NGO013,11532.07,7.77,38.78,0.14,False,17,0,
T02764,NGO013,8357.4,2.34,43.96,0.11,False,17,0,
T02765,NGO013,13412.15,3.18,34.48,0.1,False,7,0,
T02766,NGO013,5307.96,7.78,39.68,0.07,False,16,0,
T02767,NGO013,15360.36,9.49,37.78,0.17,False,16,0,
T02768,NGO013,5595.05,1.44,38.9,0.14,False,20,0,
T02769,NGO013,23109.93,3.96,39.92,0.15,False,10,0,
T02770,NGO013,10538.85,6.86,41.21,0.15,False,14,0,
T02771,NGO013,24646.13,4.95,37.84,0.16,False,16,0,
T02772,NGO013,15452.65,9.75,44.28,0.14,False,11,0,
T02773,NGO013,20842.71,8.79,45.17,0.14,False,15,0,
T02774,NGO013,11248.95,5.26,46.06,0.13,False,10,0,
T02775,NGO013,20093.68,6.83,43.63,0.15,False,14,0,
T02776,NGO013,10214.8,6.9,43.55,0.13,False,10,0,
T02777,NGO013,13511.3,7.59,41.78,0.12,False,7,0,
T02778,NGO013,13935.41,7.82,42.98,0.15,False,10,0,
T02779,NGO013,8700.05,7.17,41.74,0.14,False,12,0,
T02780,NGO013,18343.91,6.2,44.32,0.11,False,11,0,
T02781,NGO013,34270.67,3.2,39.26,0.07,False,17,0,
T02782,NGO013,26638.96,6.74,36.22,0.17,False,13,0,
T02783,NGO013,15000.0,11.02,42.82,0.14,True,10,1,"Round-number amount, possible structuring"
T02784,NGO013,10425.94,3.39,45.94,0.14,False,9,0,
T02785,NGO013,15211.38,8.65,43.82,0.09,False,13,0,
T02786,NGO013,8956.24,8.0,48.8,0.19,False,13,0,
T02787,NGO013,4643.42,61.78,42.87,0.13,False,14,1,Donation sat unspent for 62 days before disbursement
T02788,NGO013,10520.55,5.03,44.12,0.16,False,11,0,
T02789,NGO013,30354.5,6.33,47.74,0.13,False,12,0,
T02790,NGO013,3975.52,6.2,41.63,0.11,False,17,0,
T02791,NGO013,21041.22,9.14,41.75,0.07,False,13,0,
T02792,NGO013,24804.66,4.91,39.7,0.13,False,14,0,
T02793,NGO013,28705.74,5.99,46.51,0.16,False,11,0,
T02794,NGO013,15587.91,8.62,43.12,0.1,False,13,0,
T02795,NGO013,15746.21,6.62,38.11,0.1,False,14,0,
T02796,NGO013,13049.48,8.77,46.22,0.1,False,17,0,
T02797,NGO013,26042.95,7.81,41.59,0.1,False,10,0,
T02798,NGO013,12280.62,1.56,42.31,0.2,False,10,0,
T02799,NGO013,14844.47,3.8,36.92,0.16,False,12,0,
T02800,NGO013,17923.86,5.25,38.77,0.12,False,5,0,
T02801,NGO013,18030.18,0.68,35.73,0.14,False,13,0,
T02802,NGO013,32657.32,1.64,39.29,0.16,False,13,0,
T02803,NGO013,25782.55,5.43,40.87,0.18,False,15,0,
T02804,NGO013,16980.11,4.74,36.93,0.11,False,13,0,
T02805,NGO013,14451.16,3.28,41.27,0.18,False,11,0,
T02806,NGO013,27752.06,7.09,43.33,0.15,False,13,0,
T02807,NGO013,3975.19,1.74,42.97,0.07,False,11,0,
T02808,NGO013,15837.13,7.25,40.74,0.18,False,14,0,
T02809,NGO013,9632.06,4.27,39.52,0.06,False,13,0,
T02810,NGO013,27285.06,6.12,46.82,0.14,False,9,0,
T02811,NGO013,19132.0,9.43,39.5,0.13,False,17,0,
T02812,NGO013,14643.53,7.42,45.01,0.14,False,10,0,
T02813,NGO013,10885.25,0.37,42.64,0.14,False,14,0,
T02814,NGO013,11269.52,6.02,38.38,0.11,False,15,0,
T02815,NGO013,6981.39,8.9,44.44,0.16,False,12,0,
T02816,NGO013,22660.55,7.78,48.98,0.14,False,7,0,
T02817,NGO013,18790.7,8.13,45.78,0.13,False,19,0,
T02818,NGO013,25000.0,3.13,40.65,0.13,True,18,1,"Round-number amount, possible structuring"
T02819,NGO013,13691.97,4.53,41.28,0.18,False,15,0,
T02820,NGO013,12533.13,6.3,40.43,0.1,False,9,0,
T02821,NGO013,12773.64,8.63,42.87,0.08,False,9,0,
T02822,NGO013,22469.01,9.63,46.19,0.11,False,18,0,
T02823,NGO013,24297.18,5.65,43.95,0.13,False,16,0,
T02824,NGO013,10846.53,10.09,45.08,0.13,False,10,0,
T02825,NGO013,24655.78,3.98,38.43,0.16,False,11,0,
T02826,NGO013,6488.62,6.64,42.83,0.09,False,10,0,
T02827,NGO013,7303.24,4.77,44.84,0.13,False,12,0,
T02828,NGO013,11640.28,2.48,40.3,0.13,False,12,0,
T02829,NGO013,23338.96,6.21,44.57,0.11,False,13,0,
T02830,NGO013,26586.65,2.94,43.3,0.15,False,3,0,
T02831,NGO013,5351.69,7.26,43.39,0.13,False,10,0,
T02832,NGO013,14269.02,2.91,36.85,0.08,False,11,0,
T02833,NGO013,17128.86,12.32,42.82,0.15,False,12,0,
T02834,NGO013,19391.61,6.44,196.1,0.14,False,17,1,Unusually slow bill verification for this NGO (196h)
T02835,NGO013,12165.6,4.22,42.78,0.2,False,12,0,
T02836,NGO013,19924.73,5.76,41.96,0.14,False,15,0,
T02837,NGO013,32449.59,3.17,48.66,0.13,False,14,0,
T02838,NGO013,16361.47,7.06,41.08,0.11,False,8,0,
T02839,NGO013,13877.9,7.65,42.64,0.13,False,11,0,
T02840,NGO013,19403.34,6.56,45.56,0.13,False,19,0,
T02841,NGO013,15888.85,4.48,42.62,0.13,False,11,0,
T02842,NGO013,5737.82,5.68,46.37,0.14,False,8,0,
T02843,NGO013,20498.06,2.97,45.26,0.12,False,15,0,
T02844,NGO013,7307.32,9.82,38.87,0.09,False,13,0,
T02845,NGO013,13143.99,9.61,37.13,0.15,False,9,0,
T02846,NGO013,30033.69,3.56,39.89,0.09,False,13,0,
T02847,NGO013,25362.27,2.99,42.44,0.14,False,11,0,
T02848,NGO013,34851.89,1.54,42.32,0.09,False,20,0,
T02849,NGO013,22103.36,6.18,45.26,0.14,False,11,0,
T02850,NGO013,5872.95,3.63,37.35,0.18,False,18,0,
T02851,NGO013,7771.4,2.74,38.76,0.14,False,12,0,
T02852,NGO013,15498.6,8.24,38.03,0.88,False,10,1,NGO has unusually high pending/unverified disbursement ratio (88%)
T02853,NGO013,7252.97,7.91,40.78,0.14,False,10,0,
T02854,NGO013,17495.64,6.84,40.54,0.15,False,17,0,
T02855,NGO013,11811.48,10.58,44.58,0.14,False,19,0,
T02856,NGO013,10935.48,12.39,36.6,0.09,False,14,0,
T02857,NGO013,10062.91,8.09,37.96,0.14,False,15,0,
T02858,NGO013,7239.15,3.05,45.06,0.13,False,10,0,
T02859,NGO013,7050.85,3.93,40.51,0.1,False,9,0,
T02860,NGO013,8443.62,5.05,45.06,0.13,False,13,0,
T02861,NGO013,13215.38,4.73,32.77,0.15,False,12,0,
T02862,NGO013,16785.53,9.41,37.34,0.17,False,12,0,
T02863,NGO013,13039.15,1.65,37.57,0.15,False,16,0,
T02864,NGO013,6018.06,5.92,38.23,0.16,False,11,0,
T02865,NGO013,13096.73,4.93,38.65,0.08,False,12,0,
T02866,NGO013,20426.52,9.06,41.76,0.17,False,16,0,
T02867,NGO013,12463.96,8.04,42.46,0.16,False,14,0,
T02868,NGO013,15941.55,3.74,44.43,0.16,False,13,0,
T02869,NGO013,18151.84,2.71,42.21,0.12,False,11,0,
T02870,NGO013,13673.56,2.17,41.32,0.13,False,11,0,
T02871,NGO013,6355.3,6.54,43.56,0.13,False,9,0,
T02872,NGO013,7490.66,5.84,43.39,0.09,False,19,0,
T02873,NGO013,25642.76,10.98,41.08,0.13,False,9,0,
T02874,NGO013,29689.19,6.19,41.95,0.2,False,6,0,
T02875,NGO013,20413.32,4.76,43.57,0.16,False,16,0,
T02876,NGO013,15346.49,2.65,39.63,0.1,False,12,0,
T02877,NGO013,26221.44,0.5,42.92,0.21,False,14,0,
T02878,NGO013,11139.38,12.94,41.06,0.14,False,19,0,
T02879,NGO013,21397.75,10.55,42.79,0.11,False,14,0,
T02880,NGO013,44382.79,4.65,41.27,0.16,False,12,0,
T02881,NGO013,15000.0,4.07,45.59,0.15,True,15,1,"Round-number amount, possible structuring"
T02882,NGO013,23840.37,2.71,37.93,0.12,False,2,1,Disbursement created at unusual hour (2:00)
T02883,NGO013,10023.83,0.73,35.81,0.09,False,17,0,
T02884,NGO013,16463.71,5.7,41.94,0.13,False,13,0,
T02885,NGO013,28983.72,6.44,45.91,0.15,False,11,0,
T02886,NGO013,12413.95,3.34,40.59,0.1,False,8,0,
T02887,NGO013,19187.47,11.67,44.46,0.14,False,8,0,
T02888,NGO013,12394.66,6.04,48.08,0.17,False,16,0,
T02889,NGO013,16761.95,4.0,43.21,0.1,False,0,1,Disbursement created at unusual hour (0:00)
T02890,NGO013,33676.08,6.62,45.34,0.15,False,9,0,
T02891,NGO013,11195.51,3.57,43.08,0.11,False,11,0,
T02892,NGO013,15111.27,0.24,43.68,0.1,False,10,0,
T02893,NGO013,22530.1,0.02,43.84,0.17,False,13,0,
T02894,NGO013,5875.08,12.1,44.18,0.16,False,10,0,
T02895,NGO013,13951.82,6.52,46.71,0.2,False,16,0,
T02896,NGO013,13460.61,113.49,42.04,0.15,False,13,1,Donation sat unspent for 113 days before disbursement
T02897,NGO013,7527.85,9.01,44.82,0.13,False,4,1,Disbursement created at unusual hour (4:00)
T02898,NGO013,19314.05,4.84,39.44,0.15,False,8,0,
T02899,NGO013,25381.33,8.76,38.76,0.13,False,15,0,
T02900,NGO013,10419.72,4.83,37.4,0.15,False,12,0,
T02901,NGO013,18913.95,8.99,44.01,0.14,False,17,0,
T02902,NGO013,23445.98,6.83,38.11,0.14,False,13,0,
T02903,NGO013,11519.11,2.15,36.97,0.14,False,15,0,
T02904,NGO013,4597.72,4.32,40.62,0.11,False,17,0,
T02905,NGO013,10709.28,6.04,41.07,0.15,False,12,0,
T02906,NGO013,28516.33,3.91,40.09,0.12,False,14,0,
T02907,NGO013,32270.55,3.67,37.69,0.09,False,13,0,
T02908,NGO013,11964.62,11.78,43.79,0.15,False,8,0,
T02909,NGO013,26582.41,9.33,39.35,0.17,False,10,0,
T02910,NGO013,24942.97,1.29,39.99,0.15,False,11,0,
T02911,NGO013,16188.55,2.97,38.28,0.13,False,11,0,
T02912,NGO013,31332.69,4.22,38.76,0.11,False,13,0,
T02913,NGO013,20586.85,4.32,42.02,0.12,False,8,0,
T02914,NGO013,18507.11,9.72,43.18,0.14,False,16,0,
T02915,NGO013,35847.63,8.28,41.93,0.07,False,13,0,
T02916,NGO013,16605.22,7.35,37.49,0.14,False,13,0,
T02917,NGO013,13663.4,8.28,46.29,0.14,False,10,0,
T02918,NGO013,7615.63,3.13,43.87,0.14,False,12,0,
T02919,NGO013,9487.8,7.59,40.91,0.11,False,8,0,
T02920,NGO013,23601.93,4.25,42.63,0.16,False,12,0,
T02921,NGO013,39738.89,4.66,43.82,0.16,False,12,0,
T02922,NGO013,30885.89,8.0,39.8,0.15,False,11,0,
T02923,NGO013,44782.19,8.75,43.73,0.12,False,6,0,
T02924,NGO013,33325.12,9.15,45.0,0.1,False,8,0,
T02925,NGO013,17627.68,6.73,36.9,0.1,False,16,0,
T02926,NGO013,16955.6,2.95,44.84,0.67,False,10,1,NGO has unusually high pending/unverified disbursement ratio (67%)
T02927,NGO013,47186.03,9.08,43.07,0.12,False,13,0,
T02928,NGO013,29907.22,7.44,43.86,0.12,False,13,0,
T02929,NGO013,7442.36,7.59,37.16,0.13,False,11,0,
T02930,NGO013,18441.44,2.41,43.59,0.13,False,13,0,
T02931,NGO013,11386.5,7.45,38.79,0.12,False,9,0,
T02932,NGO013,23436.82,13.28,40.13,0.15,False,18,0,
T02933,NGO013,37702.56,5.44,42.16,0.13,False,14,0,
T02934,NGO013,28803.31,119.86,38.59,0.1,False,15,1,Donation sat unspent for 120 days before disbursement
T02935,NGO013,10051.23,0.41,44.27,0.11,False,17,0,
T02936,NGO013,5000.0,4.95,38.89,0.14,True,10,1,"Round-number amount, possible structuring"
T02937,NGO013,10805.88,8.07,33.12,0.11,False,10,0,
T02938,NGO013,38170.56,5.22,36.47,0.15,False,0,1,Disbursement created at unusual hour (0:00)
T02939,NGO013,30000.0,11.28,44.55,0.18,True,10,1,"Round-number amount, possible structuring"
T02940,NGO013,24380.03,3.75,44.97,0.12,False,13,0,
T02941,NGO013,21955.13,11.04,47.49,0.13,False,11,0,
T02942,NGO013,15665.79,5.02,41.53,0.18,False,15,0,
T02943,NGO013,18692.79,5.96,36.13,0.16,False,9,0,
T02944,NGO013,20921.98,5.83,41.99,0.15,False,7,0,
T02945,NGO013,16690.12,11.85,47.52,0.13,False,9,0,
T02946,NGO013,35510.95,7.75,38.01,0.13,False,12,0,
T02947,NGO013,11678.58,8.27,47.08,0.21,False,8,0,
T02948,NGO013,12954.7,7.04,41.09,0.17,False,13,0,
T02949,NGO013,14788.17,6.43,39.99,0.18,False,9,0,
T02950,NGO013,15328.18,8.77,46.97,0.09,False,4,1,Disbursement created at unusual hour (4:00)
T02951,NGO013,10269.29,4.67,39.62,0.1,False,13,0,
T02952,NGO013,13191.43,6.6,39.18,0.12,False,12,0,
T02953,NGO013,18842.09,0.02,45.36,0.16,False,10,0,
T02954,NGO013,8761.64,3.59,46.68,0.13,False,5,0,
T02955,NGO013,15136.95,9.84,44.68,0.11,False,12,0,
T02956,NGO013,29932.52,6.14,39.62,0.09,False,15,0,
T02957,NGO013,17386.28,11.35,42.65,0.11,False,14,0,
T02958,NGO013,62169.19,6.81,41.75,0.1,False,13,0,
T02959,NGO013,20043.83,2.33,40.78,0.19,False,12,0,
T02960,NGO013,9820.4,9.12,43.68,0.21,False,16,0,
T02961,NGO013,9404.61,7.08,47.52,0.11,False,15,0,
T02962,NGO013,20534.55,9.72,44.26,0.09,False,13,0,
T02963,NGO013,44650.47,4.48,37.76,0.17,False,10,0,
T02964,NGO013,8372.35,1.44,43.31,0.12,False,18,0,
T02965,NGO013,17230.72,6.51,38.24,0.13,False,12,0,
T02966,NGO013,34796.1,3.07,44.8,0.08,False,12,0,
T02967,NGO013,29359.69,8.25,41.56,0.09,False,13,0,
T02968,NGO013,13431.15,3.97,45.31,0.14,False,15,0,
T02969,NGO013,24169.29,11.75,42.67,0.17,False,13,0,
T02970,NGO013,25911.71,6.77,43.47,0.13,False,10,0,
T02971,NGO013,31085.33,7.49,41.57,0.15,False,9,0,
T02972,NGO013,25148.74,8.47,42.63,0.12,False,10,0,
T02973,NGO013,14032.76,5.03,47.08,0.09,False,8,0,
T02974,NGO013,25080.23,5.41,43.99,0.19,False,11,0,
T02975,NGO013,7947.24,0.61,38.06,0.11,False,18,0,
T02976,NGO013,12882.68,4.28,45.56,0.18,False,12,0,
T02977,NGO013,54075.09,4.83,42.14,0.16,False,14,0,
T02978,NGO013,41910.79,9.12,35.74,0.7,False,17,1,NGO has unusually high pending/unverified disbursement ratio (70%)
T02979,NGO013,12682.13,1.94,39.83,0.16,False,13,0,
T02980,NGO013,9816.75,6.38,39.89,0.14,False,13,0,
T02981,NGO013,13278.96,2.72,46.51,0.15,False,17,0,
T02982,NGO013,26496.04,3.93,43.04,0.13,False,12,0,
T02983,NGO013,14733.42,1.3,42.21,0.16,False,10,0,
T02984,NGO013,9872.24,11.6,37.02,0.07,False,10,0,
T02985,NGO013,30447.04,8.9,44.36,0.11,False,11,0,
T02986,NGO013,10188.03,4.86,44.15,0.09,False,6,0,
T02987,NGO014,9883.93,80.52,27.01,0.32,False,16,1,Donation sat unspent for 81 days before disbursement
T02988,NGO014,12147.89,5.76,30.46,0.37,False,12,0,
T02989,NGO014,19639.32,7.2,31.05,0.29,False,10,0,
T02990,NGO014,4750.23,8.49,28.75,0.34,False,15,0,
T02991,NGO014,25090.7,10.59,32.49,0.33,False,12,0,
T02992,NGO014,26252.64,7.02,33.81,0.33,False,17,0,
T02993,NGO014,16774.76,4.79,28.87,0.32,False,7,0,
T02994,NGO014,5544.75,4.92,27.36,0.36,False,11,0,
T02995,NGO014,27747.88,9.0,27.0,0.33,False,16,0,
T02996,NGO014,6182.14,6.32,27.64,0.36,False,8,0,
T02997,NGO014,14797.8,8.44,24.88,0.35,False,12,0,
T02998,NGO014,15030.11,2.65,31.3,0.33,False,10,0,
T02999,NGO014,14172.47,0.66,30.44,0.36,False,17,0,
T03000,NGO014,17206.3,5.95,25.78,0.33,False,0,1,Disbursement created at unusual hour (0:00)
T03001,NGO014,18936.46,6.6,32.93,0.32,False,14,0,
T03002,NGO014,19043.41,5.08,34.21,0.29,False,8,0,
T03003,NGO014,12576.89,1.98,26.0,0.27,False,13,0,
T03004,NGO014,25000.0,10.79,30.38,0.33,True,11,1,"Round-number amount, possible structuring"
T03005,NGO014,5018.08,13.77,27.61,0.32,False,14,0,
T03006,NGO014,19748.78,8.55,27.43,0.34,False,11,0,
T03007,NGO014,21609.55,7.13,31.3,0.27,False,12,0,
T03008,NGO014,9589.11,7.15,27.06,0.32,False,14,0,
T03009,NGO014,20069.65,5.4,32.88,0.36,False,13,0,
T03010,NGO014,10501.66,10.62,32.76,0.32,False,16,0,
T03011,NGO014,22533.93,7.32,26.56,0.35,False,19,0,
T03012,NGO014,23660.86,2.92,29.49,0.34,False,15,0,
T03013,NGO014,6295.84,7.85,34.08,0.27,False,15,0,
T03014,NGO014,14592.79,7.09,31.07,0.35,False,15,0,
T03015,NGO014,9951.68,5.21,30.01,0.37,False,14,0,
T03016,NGO014,11365.36,7.38,28.85,0.36,False,10,0,
T03017,NGO014,10879.56,10.32,32.98,0.32,False,10,0,
T03018,NGO014,47109.43,6.12,26.85,0.32,False,18,0,
T03019,NGO014,15075.66,1.69,33.17,0.39,False,19,0,
T03020,NGO014,30457.77,4.8,31.23,0.38,False,11,0,
T03021,NGO014,13870.03,8.73,27.43,0.27,False,9,0,
T03022,NGO014,25591.61,113.81,26.69,0.37,False,10,1,Donation sat unspent for 114 days before disbursement
T03023,NGO014,18564.99,7.2,29.58,0.31,False,15,0,
T03024,NGO014,6185.43,6.39,30.67,0.33,False,18,0,
T03025,NGO014,11990.8,6.16,29.97,0.36,False,14,0,
T03026,NGO014,13446.37,0.82,25.26,0.32,False,11,0,
T03027,NGO014,2327.32,10.34,29.97,0.3,False,15,0,
T03028,NGO014,14551.23,6.19,30.75,0.29,False,23,1,Disbursement created at unusual hour (23:00)
T03029,NGO014,26350.28,9.48,30.14,0.39,False,13,0,
T03030,NGO014,26422.82,8.92,31.48,0.32,False,12,0,
T03031,NGO014,13466.41,1.76,30.1,0.34,False,16,0,
T03032,NGO014,31234.36,6.49,31.39,0.28,False,12,0,
T03033,NGO014,8240.5,2.49,32.3,0.39,False,18,0,
T03034,NGO014,5787.59,1.35,32.83,0.33,False,13,0,
T03035,NGO014,24614.34,1.61,32.09,0.32,False,14,0,
T03036,NGO014,14194.09,2.11,25.35,0.32,False,13,0,
T03037,NGO014,18081.63,2.74,28.65,0.32,False,9,0,
T03038,NGO014,29219.37,1.77,31.34,0.34,False,13,0,
T03039,NGO014,15803.58,9.59,33.11,0.35,False,10,0,
T03040,NGO014,17424.54,7.2,27.97,0.37,False,14,0,
T03041,NGO014,23039.46,5.28,32.27,0.37,False,15,0,
T03042,NGO014,9140.53,8.27,27.06,0.31,False,12,0,
T03043,NGO014,12285.37,3.91,32.15,0.36,False,11,0,
T03044,NGO014,36610.74,2.97,28.25,0.29,False,16,0,
T03045,NGO014,10594.69,8.25,26.14,0.35,False,15,0,
T03046,NGO014,36119.16,4.9,28.8,0.34,False,10,0,
T03047,NGO014,14030.13,9.44,30.77,0.34,False,20,0,
T03048,NGO014,29470.31,5.99,30.1,0.33,False,19,0,
T03049,NGO014,14867.12,7.17,31.57,0.37,False,15,0,
T03050,NGO014,11392.66,9.89,23.06,0.34,False,16,0,
T03051,NGO014,13824.85,0.67,37.19,0.33,False,15,0,
T03052,NGO014,11305.37,3.16,34.46,0.3,False,12,0,
T03053,NGO014,18102.13,7.49,32.32,0.31,False,11,0,
T03054,NGO014,5770.84,11.36,27.75,0.37,False,15,0,
T03055,NGO014,14002.59,2.16,32.39,0.37,False,10,0,
T03056,NGO014,11170.45,5.33,28.57,0.33,False,5,0,
T03057,NGO014,15000.0,5.03,34.6,0.35,True,14,1,"Round-number amount, possible structuring"
T03058,NGO014,44172.18,0.44,28.92,0.38,False,15,0,
T03059,NGO014,8247.66,7.08,27.76,0.31,False,12,0,
T03060,NGO014,54461.62,2.68,33.11,0.38,False,22,0,
T03061,NGO014,24178.54,10.68,31.15,0.34,False,11,0,
T03062,NGO014,21813.63,4.83,26.98,0.32,False,11,0,
T03063,NGO014,11476.63,6.63,33.84,0.35,False,11,0,
T03064,NGO014,20762.5,8.68,32.71,0.32,False,12,0,
T03065,NGO014,10641.74,8.7,26.47,0.38,False,7,0,
T03066,NGO014,32030.88,7.28,31.82,0.31,False,7,0,
T03067,NGO014,22454.37,8.94,31.84,0.34,False,11,0,
T03068,NGO014,19013.52,9.99,28.81,0.33,False,11,0,
T03069,NGO014,13554.49,3.0,26.64,0.38,False,18,0,
T03070,NGO014,38241.79,2.93,30.27,0.36,False,11,0,
T03071,NGO014,22523.49,11.18,30.22,0.29,False,10,0,
T03072,NGO014,28669.88,11.29,30.72,0.39,False,15,0,
T03073,NGO014,21639.55,4.35,28.77,0.38,False,11,0,
T03074,NGO014,14611.43,4.57,28.03,0.4,False,13,0,
T03075,NGO014,15158.52,7.09,27.62,0.34,False,12,0,
T03076,NGO014,29886.35,9.44,33.58,0.28,False,13,0,
T03077,NGO014,38115.01,5.98,33.44,0.31,False,12,0,
T03078,NGO014,24648.6,5.83,32.55,0.28,False,9,0,
T03079,NGO014,11045.95,11.58,33.5,0.31,False,11,0,
T03080,NGO014,11820.02,4.86,31.64,0.35,False,9,0,
T03081,NGO014,9965.28,5.65,30.41,0.33,False,16,0,
T03082,NGO014,15006.55,7.88,30.54,0.34,False,9,0,
T03083,NGO014,9536.56,4.83,32.64,0.34,False,19,0,
T03084,NGO014,8332.59,115.62,26.42,0.32,False,7,1,Donation sat unspent for 116 days before disbursement
T03085,NGO014,12677.37,7.89,32.54,0.36,False,8,0,
T03086,NGO014,7415.85,6.75,28.74,0.32,False,13,0,
T03087,NGO014,19503.14,8.84,32.03,0.32,False,11,0,
T03088,NGO014,7993.13,8.39,25.41,0.37,False,11,0,
T03089,NGO014,12001.26,4.74,27.59,0.4,False,11,0,
T03090,NGO014,9649.23,6.35,27.13,0.35,False,17,0,
T03091,NGO014,14777.64,2.87,34.81,0.37,False,16,0,
T03092,NGO014,27142.07,6.84,28.28,0.37,False,16,0,
T03093,NGO014,21875.83,9.97,30.63,0.33,False,15,0,
T03094,NGO014,24426.78,2.07,32.98,0.31,False,15,0,
T03095,NGO014,10240.69,6.88,31.77,0.34,False,11,0,
T03096,NGO014,30099.56,0.84,27.08,0.32,False,17,0,
T03097,NGO014,19489.14,6.21,29.69,0.36,False,15,0,
T03098,NGO014,21911.8,5.43,28.8,0.32,False,7,0,
T03099,NGO014,52231.38,5.85,36.33,0.34,False,13,0,
T03100,NGO014,22644.55,6.88,28.94,0.33,False,10,0,
T03101,NGO014,6470.46,8.18,25.94,0.38,False,14,0,
T03102,NGO014,27658.14,8.79,28.71,0.36,False,6,0,
T03103,NGO014,7913.96,3.08,25.56,0.33,False,12,0,
T03104,NGO014,15136.5,6.54,29.82,0.38,False,14,0,
T03105,NGO014,8504.39,7.42,32.87,0.27,False,17,0,
T03106,NGO014,24009.68,4.15,32.57,0.37,False,15,0,
T03107,NGO014,11403.2,8.34,29.61,0.32,False,12,0,
T03108,NGO014,17899.9,4.02,29.32,0.31,False,15,0,
T03109,NGO014,11830.96,3.47,35.22,0.34,False,12,0,
T03110,NGO014,12000.52,8.03,29.7,0.34,False,13,0,
T03111,NGO014,12363.11,7.29,32.43,0.32,False,8,0,
T03112,NGO014,13802.15,4.2,31.15,0.31,False,10,0,
T03113,NGO014,25125.18,8.9,28.87,0.32,False,10,0,
T03114,NGO014,12737.42,6.36,29.41,0.35,False,17,0,
T03115,NGO014,23280.77,3.18,30.45,0.37,False,12,0,
T03116,NGO014,5378.44,8.07,29.55,0.31,False,15,0,
T03117,NGO014,10469.83,7.27,32.24,0.33,False,8,0,
T03118,NGO014,19672.56,14.47,33.26,0.37,False,8,0,
T03119,NGO014,17716.61,2.56,31.28,0.31,False,8,0,
T03120,NGO014,6681.43,11.35,30.02,0.41,False,13,0,
T03121,NGO014,38792.03,10.38,33.57,0.28,False,12,0,
T03122,NGO014,11141.89,6.15,33.82,0.36,False,12,0,
T03123,NGO014,15735.22,4.61,28.81,0.39,False,18,0,
T03124,NGO014,12595.08,4.1,31.41,0.39,False,9,0,
T03125,NGO014,23658.93,8.66,27.42,0.33,False,14,0,
T03126,NGO014,13493.16,12.33,31.6,0.36,False,17,0,
T03127,NGO014,8940.69,4.56,27.92,0.33,False,16,0,
T03128,NGO014,7258.89,4.53,32.05,0.33,False,12,0,
T03129,NGO014,7921.14,6.61,29.0,0.37,False,12,0,
T03130,NGO014,21002.95,8.95,30.07,0.34,False,16,0,
T03131,NGO014,19650.91,5.79,34.02,0.35,False,17,0,
T03132,NGO014,4218.28,8.37,31.4,0.24,False,16,0,
T03133,NGO014,28420.0,4.15,32.77,0.36,False,13,0,
T03134,NGO014,22683.54,7.25,26.76,0.31,False,15,0,
T03135,NGO014,22473.6,7.47,33.4,0.3,False,16,0,
T03136,NGO014,10061.38,1.44,35.32,0.33,False,11,0,
T03137,NGO014,29044.97,7.07,35.07,0.33,False,11,0,
T03138,NGO014,10894.89,1.88,28.52,0.38,False,10,0,
T03139,NGO014,18433.07,3.98,32.26,0.34,False,16,0,
T03140,NGO014,9701.3,6.7,29.55,0.4,False,12,0,
T03141,NGO014,22038.98,1.39,30.02,0.28,False,17,0,
T03142,NGO014,7905.54,0.51,27.33,0.33,False,12,0,
T03143,NGO014,15368.27,8.11,30.51,0.31,False,12,0,
T03144,NGO014,7693.62,4.2,33.08,0.39,False,12,0,
T03145,NGO014,22841.55,9.33,30.38,0.26,False,13,0,
T03146,NGO014,18227.14,5.79,26.05,0.33,False,14,0,
T03147,NGO014,10673.45,5.7,29.0,0.35,False,12,0,
T03148,NGO014,9465.64,4.43,31.04,0.32,False,11,0,
T03149,NGO014,16608.33,9.24,30.32,0.32,False,11,0,
T03150,NGO014,19199.92,7.78,27.77,0.37,False,19,0,
T03151,NGO014,18069.23,5.8,31.1,0.33,False,10,0,
T03152,NGO014,18351.0,5.67,31.82,0.32,False,14,0,
T03153,NGO014,56012.89,5.32,28.56,0.33,False,10,0,
T03154,NGO014,8581.09,3.59,35.52,0.4,False,11,0,
T03155,NGO014,12133.1,6.88,29.62,0.33,False,13,0,
T03156,NGO014,21307.8,0.67,31.46,0.3,False,18,0,
T03157,NGO014,10725.67,7.17,31.52,0.32,False,16,0,
T03158,NGO014,36308.6,10.82,27.4,0.34,False,18,0,
T03159,NGO014,15417.92,7.61,30.56,0.38,False,10,0,
T03160,NGO014,16479.91,6.52,30.77,0.32,False,14,0,
T03161,NGO014,10815.32,2.75,24.46,0.37,False,7,0,
T03162,NGO014,45424.33,6.86,34.0,0.34,False,12,0,
T03163,NGO014,10583.82,7.44,27.56,0.89,False,14,1,NGO has unusually high pending/unverified disbursement ratio (89%)
T03164,NGO014,36250.92,3.59,30.94,0.32,False,17,0,
T03165,NGO014,34378.19,4.76,26.87,0.35,False,17,0,
T03166,NGO014,18581.08,3.11,25.01,0.36,False,17,0,
T03167,NGO014,50111.45,4.33,28.47,0.37,False,16,0,
T03168,NGO014,29386.32,11.1,29.38,0.34,False,11,0,
T03169,NGO014,19000.83,6.83,27.76,0.3,False,16,0,
T03170,NGO014,26583.43,0.71,27.49,0.37,False,14,0,
T03171,NGO014,6804.65,1.65,31.91,0.38,False,12,0,
T03172,NGO014,12604.78,4.62,25.13,0.32,False,9,0,
T03173,NGO014,14203.48,8.58,27.7,0.35,False,15,0,
T03174,NGO014,17036.81,4.11,28.83,0.4,False,3,1,Disbursement created at unusual hour (3:00)
T03175,NGO014,15210.34,9.24,32.05,0.34,False,15,0,
T03176,NGO014,13791.85,6.26,25.17,0.37,False,13,0,
T03177,NGO014,22068.13,6.85,31.57,0.31,False,11,0,
T03178,NGO014,40630.74,4.43,30.46,0.29,False,8,0,
T03179,NGO014,26735.55,4.32,30.16,0.32,False,19,0,
T03180,NGO014,23064.97,8.33,32.36,0.39,False,11,0,
T03181,NGO014,13648.13,8.15,30.53,0.34,False,7,0,
T03182,NGO014,9501.83,3.49,34.43,0.37,False,18,0,
T03183,NGO014,22118.2,12.38,32.11,0.34,False,14,0,
T03184,NGO014,14800.88,9.45,25.83,0.41,False,17,0,
T03185,NGO014,22875.35,5.74,34.29,0.29,False,18,0,
T03186,NGO014,12089.75,3.96,29.56,0.35,False,13,0,
T03187,NGO014,30943.47,8.03,27.95,0.31,False,11,0,
T03188,NGO014,9700.11,1.74,25.81,0.35,False,14,0,
T03189,NGO014,5888.69,8.14,24.91,0.31,False,15,0,
T03190,NGO014,17477.34,12.18,28.39,0.32,False,14,0,
T03191,NGO014,28703.82,6.9,25.95,0.32,False,18,0,
T03192,NGO014,28317.37,14.72,32.19,0.3,False,12,0,
T03193,NGO014,24648.84,4.11,24.56,0.35,False,8,0,
T03194,NGO014,15798.38,6.27,29.61,0.27,False,10,0,
T03195,NGO014,11765.0,4.38,29.93,0.33,False,18,0,
T03196,NGO014,14734.65,4.2,27.99,0.33,False,13,0,
T03197,NGO014,24309.9,5.74,26.38,0.33,False,19,0,
T03198,NGO014,32206.5,4.3,29.7,0.36,False,13,0,
T03199,NGO014,13976.46,6.17,33.28,0.34,False,14,0,
T03200,NGO014,31768.53,6.99,27.36,0.31,False,16,0,
T03201,NGO014,20953.49,6.63,27.97,0.39,False,18,0,
T03202,NGO014,9833.41,5.53,32.88,0.34,False,14,0,
T03203,NGO014,25811.75,6.48,28.94,0.38,False,17,0,
T03204,NGO014,11208.3,11.29,30.38,0.31,False,14,0,
T03205,NGO014,39672.49,12.09,28.73,0.35,False,15,0,
T03206,NGO014,25161.18,1.49,30.46,0.38,False,10,0,
T03207,NGO014,30878.99,1.52,38.56,0.35,False,9,0,
T03208,NGO014,15511.44,6.77,30.3,0.29,False,11,0,
T03209,NGO014,24309.76,10.32,26.62,0.33,False,11,0,
T03210,NGO014,9373.08,4.89,27.91,0.31,False,12,0,
T03211,NGO014,21584.42,4.56,26.45,0.41,False,6,0,
T03212,NGO014,26133.35,6.41,31.12,0.32,False,5,0,
T03213,NGO014,12822.68,9.39,29.29,0.35,False,14,0,
T03214,NGO014,16656.05,2.79,33.61,0.34,False,18,0,
T03215,NGO014,6272.89,2.44,32.49,0.34,False,17,0,
T03216,NGO014,11450.63,4.31,29.23,0.31,False,10,0,
T03217,NGO015,5171.34,10.32,8.24,0.08,False,13,0,
T03218,NGO015,9752.5,9.84,1.43,0.08,False,14,0,
T03219,NGO015,26953.54,8.07,2.39,0.12,False,11,0,
T03220,NGO015,10119.11,5.48,0.0,0.06,False,10,0,
T03221,NGO015,18324.46,5.23,2.4,0.03,False,13,0,
T03222,NGO015,10715.1,3.46,7.16,0.11,False,14,0,
T03223,NGO015,13049.76,5.44,0.49,0.06,False,14,0,
T03224,NGO015,11292.14,13.1,3.52,0.05,False,10,0,
T03225,NGO015,25326.64,4.78,8.24,0.08,False,10,0,
T03226,NGO015,10073.6,2.79,7.43,0.11,False,10,0,
T03227,NGO015,22991.13,3.57,4.52,0.03,False,8,0,
T03228,NGO015,24242.77,2.31,2.25,0.07,False,8,0,
T03229,NGO015,17613.94,3.74,5.8,0.03,False,14,0,
T03230,NGO015,21769.22,10.16,4.39,0.07,False,11,0,
T03231,NGO015,10776.53,0.48,2.22,0.07,False,8,0,
T03232,NGO015,10218.44,91.35,0.0,0.08,False,9,1,Donation sat unspent for 91 days before disbursement
T03233,NGO015,27781.83,5.09,0.93,0.05,False,8,0,
T03234,NGO015,34150.67,11.58,1.15,0.04,False,11,0,
T03235,NGO015,39931.27,9.32,4.07,0.07,False,14,0,
T03236,NGO015,18161.25,5.49,2.26,0.07,False,9,0,
T03237,NGO015,38540.61,7.43,2.43,0.04,False,10,0,
T03238,NGO015,12036.55,1.49,4.32,0.1,False,15,0,
T03239,NGO015,26666.96,0.25,0.0,0.07,False,10,1,Disbursed within hours of donation arriving
T03240,NGO015,10462.69,5.48,1.56,0.12,False,14,0,
T03241,NGO015,10356.36,2.5,2.86,0.05,False,13,0,
T03242,NGO015,25237.3,2.36,3.14,0.01,False,10,0,
T03243,NGO015,47153.25,2.68,6.0,0.09,False,10,0,
T03244,NGO015,47951.59,4.23,8.53,0.1,False,12,0,
T03245,NGO015,5860.53,6.44,3.68,0.1,False,16,0,
T03246,NGO015,17626.43,0.08,1.3,0.07,False,12,0,
T03247,NGO015,8877.31,5.68,3.33,0.06,False,13,0,
T03248,NGO015,12675.75,8.93,2.39,0.04,False,12,0,
T03249,NGO015,22565.88,8.27,5.61,0.1,False,15,0,
T03250,NGO015,17711.85,7.31,0.0,0.12,False,11,0,
T03251,NGO015,8815.13,9.49,5.43,0.05,False,12,0,
T03252,NGO015,14567.54,0.69,1.04,0.09,False,16,0,
T03253,NGO015,7544.04,5.09,0.46,0.11,False,16,0,
T03254,NGO015,10384.58,0.11,1.93,0.04,False,11,1,Disbursed within hours of donation arriving
T03255,NGO015,4717.21,7.73,0.0,0.05,False,4,0,
T03256,NGO015,22272.63,4.53,0.8,0.04,False,13,0,
T03257,NGO015,16884.17,7.94,3.96,0.05,False,13,0,
T03258,NGO015,15653.96,9.86,5.95,0.07,False,11,0,
T03259,NGO015,21016.61,5.5,5.0,0.07,False,12,0,
T03260,NGO015,10054.74,3.97,4.07,0.05,False,10,0,
T03261,NGO015,18917.86,5.22,4.24,0.06,False,10,0,
T03262,NGO015,29779.69,5.44,0.0,0.05,False,7,0,
T03263,NGO015,17206.8,10.81,3.01,0.07,False,14,0,
T03264,NGO015,7640.12,6.37,1.89,0.11,False,10,0,
T03265,NGO015,33725.11,8.17,2.75,0.02,False,10,0,
T03266,NGO015,11398.87,6.39,5.06,0.09,False,8,0,
T03267,NGO015,8765.16,6.96,0.42,0.12,False,13,0,
T03268,NGO015,13311.68,6.84,3.17,0.07,False,11,0,
T03269,NGO015,21667.91,1.06,7.63,0.08,False,17,0,
T03270,NGO015,41809.91,1.48,2.65,0.06,False,9,0,
T03271,NGO015,18179.64,3.28,1.47,0.05,False,17,0,
T03272,NGO015,21645.93,3.37,3.95,0.06,False,14,0,
T03273,NGO015,16631.55,4.85,4.92,0.14,False,5,0,
T03274,NGO015,20326.83,7.79,4.0,0.1,False,13,0,
T03275,NGO015,4985.36,6.8,1.06,0.13,False,12,0,
T03276,NGO015,11040.36,6.3,2.76,0.08,False,15,0,
T03277,NGO015,11826.95,11.16,9.07,0.04,False,10,0,
T03278,NGO015,16746.97,4.62,4.59,0.14,False,11,0,
T03279,NGO015,10710.53,6.33,9.86,0.12,False,14,0,
T03280,NGO015,23071.96,6.54,6.3,0.03,False,14,0,
T03281,NGO015,15009.27,7.02,3.33,0.1,False,14,0,
T03282,NGO015,9657.02,4.71,0.0,0.05,False,11,0,
T03283,NGO015,19353.23,5.63,1.52,0.13,False,5,0,
T03284,NGO015,10149.19,7.73,0.0,0.11,False,13,0,
T03285,NGO015,22654.14,10.97,3.12,0.08,False,17,0,
T03286,NGO015,32444.21,0.34,5.55,0.12,False,9,0,
T03287,NGO015,19131.57,5.92,0.01,0.07,False,14,0,
T03288,NGO015,10122.38,2.46,3.24,0.11,False,11,0,
T03289,NGO015,12381.36,3.96,1.58,0.06,False,18,0,
T03290,NGO015,35352.86,1.4,0.0,0.09,False,7,0,
T03291,NGO015,34014.97,4.87,4.59,0.03,False,7,0,
T03292,NGO015,16825.0,2.41,11.56,0.1,False,14,0,
T03293,NGO015,26947.97,6.95,3.45,0.06,False,12,0,
T03294,NGO015,15428.04,4.38,7.98,0.06,False,19,0,
T03295,NGO015,10302.82,1.52,7.34,0.03,False,14,0,
T03296,NGO015,49405.0,5.14,0.09,0.07,False,13,0,
T03297,NGO015,17952.37,4.66,1.1,0.03,False,14,0,
T03298,NGO015,11363.51,10.76,6.61,0.06,False,8,0,
T03299,NGO015,31582.33,7.69,6.32,0.04,False,18,0,
T03300,NGO015,11290.1,8.36,8.83,0.05,False,14,0,
T03301,NGO015,22018.76,1.52,7.06,0.07,False,15,0,
T03302,NGO015,21808.2,4.86,3.79,0.07,False,11,0,
T03303,NGO015,30963.94,0.17,2.01,0.06,False,14,1,Disbursed within hours of donation arriving
T03304,NGO015,18017.99,7.59,2.24,0.13,False,6,0,
T03305,NGO015,22958.52,9.65,6.43,0.1,False,12,0,
T03306,NGO015,12279.84,5.45,0.16,0.81,False,11,1,NGO has unusually high pending/unverified disbursement ratio (81%)
T03307,NGO015,19223.09,4.92,4.12,0.07,False,16,0,
T03308,NGO015,27019.76,5.81,3.56,0.05,False,13,0,
T03309,NGO015,32069.39,3.86,3.03,0.03,False,11,0,
T03310,NGO015,12330.28,3.7,3.07,0.06,False,15,0,
T03311,NGO015,12167.33,8.31,9.93,0.05,False,12,0,
T03312,NGO015,10871.92,9.78,2.86,0.05,False,17,0,
T03313,NGO015,26076.36,6.32,0.0,0.11,False,13,0,
T03314,NGO015,22782.37,8.5,0.24,0.08,False,15,0,
T03315,NGO015,21442.86,0.99,8.44,0.05,False,15,0,
T03316,NGO015,13564.34,7.74,9.74,0.11,False,13,0,
T03317,NGO015,16528.67,12.05,6.9,0.07,False,13,0,
T03318,NGO015,22802.25,4.08,4.07,0.1,False,14,0,
T03319,NGO015,18252.58,4.64,0.0,0.04,False,12,0,
T03320,NGO015,41242.42,6.89,2.43,0.08,False,13,0,
T03321,NGO015,17477.73,7.22,6.98,0.04,False,15,0,
T03322,NGO015,7580.37,60.85,3.85,0.09,False,10,1,Donation sat unspent for 61 days before disbursement
T03323,NGO015,30786.43,5.63,9.62,0.66,False,18,1,NGO has unusually high pending/unverified disbursement ratio (66%)
T03324,NGO015,9546.17,8.29,7.7,0.09,False,15,0,
T03325,NGO015,19525.86,6.04,3.2,0.08,False,9,0,
T03326,NGO015,26754.51,4.93,7.94,0.08,False,10,0,
T03327,NGO015,17719.07,8.02,0.0,0.06,False,13,0,
T03328,NGO015,21023.28,1.13,0.0,0.75,False,13,1,NGO has unusually high pending/unverified disbursement ratio (75%)
T03329,NGO015,13880.92,8.08,3.45,0.05,False,12,0,
T03330,NGO015,11675.83,8.41,0.42,0.06,False,12,0,
T03331,NGO015,13717.14,9.5,5.89,0.07,False,11,0,
T03332,NGO015,22304.28,11.05,3.48,0.03,False,12,0,
T03333,NGO015,100026.92,1.66,0.0,0.0,False,21,0,
T03334,NGO015,52480.38,2.07,6.08,0.13,False,14,0,
T03335,NGO015,8290.78,6.98,3.22,0.06,False,10,0,
T03336,NGO015,15340.05,7.97,2.7,0.02,False,12,0,
T03337,NGO015,16092.89,5.58,2.89,0.09,False,12,0,
T03338,NGO015,11919.21,5.57,0.0,0.09,False,8,0,
T03339,NGO015,21302.63,8.31,4.19,0.04,False,12,0,
T03340,NGO015,12390.72,7.22,0.02,0.03,False,13,0,
T03341,NGO015,10099.58,5.49,4.09,0.04,False,13,0,
T03342,NGO015,19799.28,0.02,0.0,0.12,False,13,0,
T03343,NGO015,21723.61,2.55,0.0,0.09,False,11,0,
T03344,NGO015,3691.42,8.23,6.01,0.05,False,15,0,
T03345,NGO015,12492.3,0.31,4.68,0.08,False,11,0,
T03346,NGO015,24063.21,4.24,2.46,0.04,False,14,0,
T03347,NGO015,29965.77,7.58,4.53,0.05,False,15,0,
T03348,NGO015,31635.68,8.78,6.3,0.1,False,14,0,
T03349,NGO015,17807.51,2.94,1.31,0.02,False,12,0,
T03350,NGO015,14941.52,5.24,3.5,0.01,False,12,0,
T03351,NGO015,23763.5,5.55,3.68,0.06,False,13,0,
T03352,NGO015,7930.99,2.78,3.43,0.15,False,3,1,Disbursement created at unusual hour (3:00)
T03353,NGO015,12318.33,3.61,2.81,0.11,False,7,0,
T03354,NGO015,13509.19,6.43,4.17,0.1,False,9,0,
T03355,NGO015,14952.99,5.14,4.48,0.06,False,11,0,
T03356,NGO015,9808.11,9.58,4.85,0.09,False,5,0,
T03357,NGO015,9265.2,3.52,6.34,0.09,False,8,0,
T03358,NGO015,13040.15,8.39,4.52,0.05,False,14,0,
T03359,NGO015,18579.27,5.37,4.58,0.11,False,10,0,
T03360,NGO015,19044.73,9.0,1.86,0.69,False,12,1,NGO has unusually high pending/unverified disbursement ratio (69%)
T03361,NGO015,14445.21,11.19,1.44,0.12,False,15,0,
T03362,NGO015,20291.34,6.69,7.92,0.04,False,9,0,
T03363,NGO015,17490.98,4.16,0.0,0.02,False,8,0,
T03364,NGO015,23575.77,0.76,0.15,0.07,False,10,0,
T03365,NGO015,8101.15,9.4,1.57,0.06,False,13,0,
T03366,NGO015,18663.64,0.02,3.8,0.09,False,16,1,Disbursed within hours of donation arriving
T03367,NGO015,10063.4,3.73,4.06,0.0,False,15,0,
T03368,NGO015,8004.7,9.73,1.69,0.08,False,13,0,
T03369,NGO015,21946.53,8.22,0.43,0.11,False,11,0,
T03370,NGO015,19045.44,4.02,2.72,0.08,False,15,0,
T03371,NGO015,4903.01,7.26,9.73,0.07,False,11,0,
T03372,NGO015,13214.89,3.11,2.24,0.05,False,14,0,
T03373,NGO015,49316.26,3.19,3.88,0.04,False,11,0,
T03374,NGO015,13992.78,1.74,5.15,0.01,False,9,0,
T03375,NGO015,14248.83,6.17,3.13,0.02,False,15,0,
T03376,NGO015,3463.24,2.9,7.87,0.08,False,13,0,
T03377,NGO015,8934.97,5.6,2.01,0.1,False,10,0,
T03378,NGO015,23026.16,86.9,0.52,0.05,False,13,1,Donation sat unspent for 87 days before disbursement
T03379,NGO015,38658.03,7.04,1.28,0.02,False,15,0,
T03380,NGO015,11944.7,5.67,3.81,0.07,False,9,0,
T03381,NGO015,20150.9,5.64,1.53,0.04,False,5,0,
T03382,NGO015,14770.54,6.22,4.4,0.05,False,13,0,
T03383,NGO015,28241.18,5.64,8.16,0.04,False,10,0,
T03384,NGO015,10239.43,2.8,0.89,0.07,False,21,0,
T03385,NGO015,6462.35,7.77,3.53,0.13,False,15,0,
T03386,NGO015,12363.05,9.24,2.45,0.07,False,15,0,
T03387,NGO015,15182.27,4.97,4.5,0.07,False,14,0,
T03388,NGO015,17613.78,6.44,1.57,0.07,False,14,0,
T03389,NGO015,11015.82,3.66,2.43,0.06,False,13,0,
T03390,NGO015,27011.24,8.82,4.07,0.1,False,13,0,
T03391,NGO015,11070.83,11.91,1.49,0.02,False,15,0,
T03392,NGO015,15319.02,6.91,0.0,0.09,False,17,0,
T03393,NGO015,18930.46,10.2,2.69,0.02,False,15,0,
T03394,NGO015,21443.69,7.83,10.62,0.01,False,9,0,
T03395,NGO015,59783.51,8.63,0.0,0.06,False,12,0,
T03396,NGO015,20242.46,10.77,2.05,0.08,False,8,0,
T03397,NGO015,25301.8,5.34,3.6,0.1,False,10,0,
T03398,NGO015,11720.46,7.7,1.8,0.02,False,9,0,
T03399,NGO015,28379.79,8.46,8.1,0.08,False,12,0,
T03400,NGO015,30634.1,13.15,7.71,0.06,False,15,0,
T03401,NGO015,7407.33,5.35,6.22,0.07,False,16,0,
T03402,NGO015,19646.72,6.64,5.97,0.07,False,12,0,
T03403,NGO015,17727.57,3.69,2.14,0.13,False,16,0,
T03404,NGO015,7254.57,6.12,0.0,0.02,False,10,0,
T03405,NGO015,28621.47,6.18,2.95,0.09,False,11,0,
T03406,NGO015,13937.13,6.26,5.36,0.04,False,13,0,
T03407,NGO015,23059.83,5.85,6.06,0.06,False,13,0,
T03408,NGO015,9858.0,4.3,1.55,0.07,False,11,0,
T03409,NGO015,24830.44,6.21,0.6,0.09,False,13,0,
T03410,NGO015,21936.76,3.28,8.4,0.08,False,11,0,
T03411,NGO015,9970.35,8.27,0.0,0.04,False,12,0,
T03412,NGO015,12035.46,5.58,7.57,0.09,False,14,0,
T03413,NGO015,15521.69,10.48,5.06,0.0,False,16,0,
T03414,NGO015,26957.04,8.53,3.88,0.08,False,9,0,
T03415,NGO015,16212.34,5.89,5.09,0.08,False,2,0,
T03416,NGO015,11435.79,6.42,0.0,0.06,False,12,0,
T03417,NGO015,30131.36,10.23,5.59,0.03,False,16,0,
T03418,NGO015,24299.26,8.03,3.39,0.06,False,13,0,
T03419,NGO015,19739.78,6.21,8.05,0.06,False,12,0,
T03420,NGO015,38880.12,4.3,2.36,0.08,False,12,0,
T03421,NGO015,34356.29,10.42,2.55,0.04,False,12,0,
T03422,NGO015,8519.88,4.06,0.0,0.02,False,13,0,
T03423,NGO015,31348.45,2.66,4.12,0.06,False,16,0,
T03424,NGO015,22645.3,8.04,10.72,0.03,False,10,0,
T03425,NGO015,8278.92,6.76,4.46,0.04,False,11,0,
T03426,NGO015,5942.77,4.7,9.87,0.06,False,13,0,
T03427,NGO015,16876.7,0.9,0.0,0.08,False,7,0,
T03428,NGO015,15000.0,8.08,0.48,0.04,True,15,1,"Round-number amount, possible structuring"
T03429,NGO015,10000.0,3.88,0.0,0.08,True,15,1,"Round-number amount, possible structuring"
T03430,NGO015,11876.77,8.14,9.19,0.09,False,12,0,
T03431,NGO015,11152.71,7.47,6.32,0.07,False,18,0,
T03432,NGO015,13633.57,7.25,1.23,0.07,False,15,0,
T03433,NGO015,13282.52,4.26,3.54,0.04,False,9,0,
T03434,NGO015,3871.87,5.6,3.62,0.05,False,12,0,
T03435,NGO015,3354.92,3.81,5.59,0.09,False,14,0,
T03436,NGO015,17802.88,4.6,7.03,0.05,False,15,0,
T03437,NGO015,9086.34,7.98,1.21,0.03,False,15,0,
T03438,NGO015,19543.22,6.51,7.26,0.01,False,14,0,
T03439,NGO015,50017.1,4.76,7.14,0.05,False,15,0,
T03440,NGO015,26805.72,8.88,0.0,0.07,False,16,0,
T03441,NGO015,41874.88,1.14,4.48,0.07,False,10,0,
T03442,NGO015,22443.84,5.14,233.47,0.08,False,8,1,Unusually slow bill verification for this NGO (233h)
T03443,NGO015,26225.88,2.92,4.9,0.11,False,13,0,
T03444,NGO015,10043.56,9.69,0.0,0.08,False,11,0,
T03445,NGO015,19560.88,0.68,2.87,0.06,False,16,0,
T03446,NGO015,11852.63,10.95,4.06,0.07,False,12,0,
T03447,NGO015,8335.32,8.9,6.86,0.1,False,17,0,
T03448,NGO015,24992.99,10.91,5.59,0.06,False,15,0,
T03449,NGO015,15270.62,6.63,3.06,0.15,False,18,0,
T03450,NGO015,16356.18,2.73,2.1,0.09,False,13,0,
T03451,NGO015,2834.85,0.22,0.9,0.07,False,10,0,
T03452,NGO015,58136.88,0.58,5.3,0.02,False,16,0,
T03453,NGO015,8452.38,9.24,2.96,0.07,False,17,0,
T03454,NGO015,47084.38,11.65,1.5,0.04,False,11,0,
T03455,NGO015,24085.69,2.77,0.0,0.01,False,8,0,
T03456,NGO015,30838.64,1.73,4.49,0.05,False,10,0,
T03457,NGO015,15261.52,5.26,4.74,0.05,False,17,0,
T03458,NGO015,9246.43,6.18,3.72,0.05,False,11,0,
T03459,NGO015,15421.17,8.4,0.0,0.06,False,8,0,
T03460,NGO015,10434.62,9.48,6.9,0.09,False,11,0,
T03461,NGO015,37270.97,3.97,5.29,0.08,False,8,0,
T03462,NGO015,31697.08,0.7,284.34,0.02,False,10,1,Unusually slow bill verification for this NGO (284h)
T03463,NGO015,11214.81,3.53,3.8,0.07,False,8,0,
T03464,NGO015,19713.19,6.52,2.75,0.01,False,11,0,
T03465,NGO015,33590.57,7.61,2.78,0.05,False,9,0,
T03466,NGO015,8350.7,4.67,0.0,0.11,False,10,0,
T03467,NGO015,8676.49,7.83,2.51,0.05,False,13,0,
T03468,NGO015,11382.52,7.04,1.11,0.09,False,13,0,
T03469,NGO015,11740.5,5.19,5.85,0.06,False,15,0,
T03470,NGO015,26801.41,5.6,6.45,0.07,False,12,0,
T03471,NGO015,37760.12,10.66,6.09,0.04,False,17,0,
T03472,NGO015,20631.77,3.42,0.15,0.05,False,12,0,
T03473,NGO015,9517.07,5.8,3.12,0.03,False,15,0,
T03474,NGO016,21717.46,4.98,4.9,0.25,False,14,0,
T03475,NGO016,10279.18,5.39,0.0,0.22,False,13,0,
T03476,NGO016,23590.24,2.77,1.33,0.14,False,13,0,
T03477,NGO016,6216.15,4.46,6.52,0.17,False,12,0,
T03478,NGO016,12858.71,9.65,2.81,0.29,False,15,0,
T03479,NGO016,13699.68,5.77,1.8,0.23,False,8,0,
T03480,NGO016,18950.89,3.09,0.0,0.2,False,13,0,
T03481,NGO016,2709.31,7.15,6.68,0.21,False,15,0,
T03482,NGO016,11959.31,3.66,7.6,0.22,False,11,0,
T03483,NGO016,41910.51,5.19,3.22,0.23,False,14,0,
T03484,NGO016,16580.51,6.04,0.0,0.19,False,13,0,
T03485,NGO016,36719.02,9.04,3.47,0.2,False,11,0,
T03486,NGO016,46126.84,5.01,9.27,0.22,False,14,0,
T03487,NGO016,23886.6,4.7,3.51,0.19,False,11,0,
T03488,NGO016,11364.56,1.22,0.0,0.19,False,17,0,
T03489,NGO016,26476.47,1.3,6.96,0.21,False,13,0,
T03490,NGO016,15983.59,5.06,4.46,0.17,False,15,0,
T03491,NGO016,10596.12,2.42,6.27,0.19,False,23,1,Disbursement created at unusual hour (23:00)
T03492,NGO016,6914.32,7.19,8.79,0.17,False,6,0,
T03493,NGO016,11346.48,5.22,4.52,0.22,False,9,0,
T03494,NGO016,11837.38,7.78,1.46,0.18,False,16,0,
T03495,NGO016,36457.4,3.14,3.96,0.21,False,16,0,
T03496,NGO016,13140.97,5.98,8.51,0.24,False,9,0,
T03497,NGO016,32962.42,3.49,2.18,0.17,False,14,0,
T03498,NGO016,21916.58,11.72,5.93,0.11,False,13,0,
T03499,NGO016,19100.84,2.74,6.18,0.21,False,11,0,
T03500,NGO016,25270.77,5.04,8.35,0.17,False,14,0,
T03501,NGO016,6431.1,7.08,10.94,0.19,False,8,0,
T03502,NGO016,18437.32,2.75,2.29,0.25,False,12,0,
T03503,NGO016,13836.52,2.88,10.52,0.18,False,15,0,
T03504,NGO016,12647.39,10.75,5.41,0.18,False,13,0,
T03505,NGO016,9238.1,3.5,13.98,0.16,False,11,0,
T03506,NGO016,34927.69,0.98,7.46,0.18,False,11,0,
T03507,NGO016,19752.72,9.97,6.43,0.19,False,14,0,
T03508,NGO016,25062.0,3.95,8.77,0.26,False,14,0,
T03509,NGO016,26613.41,9.74,4.93,0.17,False,9,0,
T03510,NGO016,28409.41,5.35,2.14,0.24,False,13,0,
T03511,NGO016,14351.03,8.47,3.86,0.82,False,15,1,NGO has unusually high pending/unverified disbursement ratio (82%)
T03512,NGO016,12921.68,7.56,6.96,0.15,False,12,0,
T03513,NGO016,13297.81,4.76,5.8,0.22,False,13,0,
T03514,NGO016,16339.72,8.5,4.66,0.18,False,12,0,
T03515,NGO016,14269.09,3.67,9.3,0.13,False,10,0,
T03516,NGO016,13668.67,5.58,10.45,0.21,False,8,0,
T03517,NGO016,13536.41,2.45,6.12,0.19,False,14,0,
T03518,NGO016,23855.29,7.35,5.94,0.19,False,11,0,
T03519,NGO016,8321.21,6.94,1.31,0.16,False,10,0,
T03520,NGO016,8201.67,7.32,7.08,0.14,False,10,0,
T03521,NGO016,11055.54,10.2,4.83,0.21,False,11,0,
T03522,NGO016,26000.23,8.21,5.24,0.21,False,14,0,
T03523,NGO016,8354.15,4.66,2.6,0.22,False,9,0,
T03524,NGO016,5955.56,5.25,3.03,0.2,False,13,0,
T03525,NGO016,15940.75,1.67,1.56,0.14,False,12,0,
T03526,NGO016,11358.41,6.52,1.74,0.16,False,15,0,
T03527,NGO016,16554.55,8.65,6.32,0.16,False,11,0,
T03528,NGO016,16989.57,5.05,0.17,0.22,False,12,0,
T03529,NGO016,17015.63,9.18,4.92,0.17,False,11,0,
T03530,NGO016,21470.98,2.9,0.38,0.17,False,11,0,
T03531,NGO016,9546.89,10.67,6.95,0.26,False,8,0,
T03532,NGO016,19384.5,5.83,3.99,0.16,False,13,0,
T03533,NGO016,11926.0,0.33,9.01,0.23,False,14,0,
T03534,NGO016,7815.72,6.67,5.33,0.19,False,10,0,
T03535,NGO016,35447.9,3.87,4.64,0.21,False,13,0,
T03536,NGO016,22202.95,5.34,5.69,0.22,False,10,0,
T03537,NGO016,16096.01,7.8,5.49,0.25,False,12,0,
T03538,NGO016,22732.71,8.64,3.85,0.13,False,12,0,
T03539,NGO016,24417.92,1.41,7.67,0.21,False,12,0,
T03540,NGO016,24342.74,5.57,2.02,0.17,False,10,0,
T03541,NGO016,25597.32,0.06,1.58,0.18,False,13,0,
T03542,NGO016,11908.5,2.66,0.4,0.18,False,14,0,
T03543,NGO016,55257.53,6.05,9.86,0.22,False,12,0,
T03544,NGO016,11429.31,7.53,6.22,0.18,False,12,0,
T03545,NGO016,13775.28,3.94,6.5,0.19,False,8,0,
T03546,NGO016,12480.13,4.65,3.71,0.19,False,13,0,
T03547,NGO016,34870.8,2.9,0.0,0.18,False,13,0,
T03548,NGO016,14926.94,0.15,2.66,0.21,False,10,0,
T03549,NGO016,24092.26,8.87,5.97,0.15,False,15,0,
T03550,NGO016,34252.76,3.23,7.97,0.15,False,14,0,
T03551,NGO016,55006.51,5.1,5.73,0.2,False,10,0,
T03552,NGO016,20984.01,10.33,9.84,0.19,False,13,0,
T03553,NGO016,40593.2,6.26,11.38,0.17,False,19,0,
T03554,NGO016,9711.52,7.68,2.4,0.19,False,17,0,
T03555,NGO016,8690.3,1.86,5.1,0.13,False,15,0,
T03556,NGO016,24578.67,9.74,7.91,0.18,False,12,0,
T03557,NGO016,30341.95,10.05,8.61,0.2,False,11,0,
T03558,NGO016,24446.67,5.36,2.36,0.21,False,15,0,
T03559,NGO016,12384.97,0.12,1.61,0.21,False,13,1,Disbursed within hours of donation arriving
T03560,NGO016,16003.07,2.83,9.67,0.21,False,20,0,
T03561,NGO016,21863.29,8.58,6.48,0.17,False,16,0,
T03562,NGO016,34402.58,5.87,8.7,0.2,False,11,0,
T03563,NGO016,39358.31,2.81,7.46,0.22,False,7,0,
T03564,NGO016,27743.39,4.79,1.13,0.17,False,9,0,
T03565,NGO016,29944.04,3.17,3.96,0.19,False,15,0,
T03566,NGO016,9578.26,6.66,6.46,0.2,False,7,0,
T03567,NGO016,11673.39,3.79,7.57,0.19,False,9,0,
T03568,NGO016,6430.1,10.56,6.92,0.24,False,11,0,
T03569,NGO016,9305.29,8.62,6.88,0.21,False,11,0,
T03570,NGO016,23162.47,6.95,5.23,0.23,False,11,0,
T03571,NGO016,9943.3,5.28,3.24,0.18,False,12,0,
T03572,NGO016,36060.8,9.39,6.3,0.17,False,13,0,
T03573,NGO016,29167.21,10.45,7.07,0.22,False,16,0,
T03574,NGO016,14065.4,6.33,2.05,0.21,False,18,0,
T03575,NGO016,19187.52,4.42,6.8,0.22,False,8,0,
T03576,NGO016,7146.46,8.79,4.4,0.2,False,10,0,
T03577,NGO016,43554.08,7.0,6.69,0.17,False,13,0,
T03578,NGO016,9439.86,4.06,4.14,0.17,False,17,0,
T03579,NGO016,10941.25,8.23,6.49,0.24,False,11,0,
T03580,NGO016,16956.43,7.07,10.7,0.21,False,7,0,
T03581,NGO016,47906.32,8.69,4.69,0.21,False,16,0,
T03582,NGO016,6765.83,3.95,9.71,0.2,False,14,0,
T03583,NGO016,4216.8,7.32,0.0,0.23,False,10,0,
T03584,NGO016,8761.21,4.64,4.38,0.15,False,11,0,
T03585,NGO016,14208.5,10.27,3.81,0.21,False,9,0,
T03586,NGO016,22445.22,7.95,5.78,0.16,False,18,0,
T03587,NGO016,10507.49,6.99,3.57,0.21,False,20,0,
T03588,NGO016,22968.2,2.4,7.51,0.23,False,10,0,
T03589,NGO016,10838.53,6.97,0.0,0.21,False,14,0,
T03590,NGO016,15855.34,3.67,8.65,0.16,False,10,0,
T03591,NGO016,7843.95,3.51,4.08,0.2,False,9,0,
T03592,NGO016,9763.22,4.71,1.87,0.17,False,10,0,
T03593,NGO016,8217.3,5.74,2.66,0.11,False,13,0,
T03594,NGO016,26334.38,1.71,5.03,0.2,False,18,0,
T03595,NGO016,20646.3,3.02,0.51,0.16,False,15,0,
T03596,NGO016,41805.12,9.8,9.86,0.23,False,11,0,
T03597,NGO016,9070.68,9.1,0.85,0.23,False,14,0,
T03598,NGO016,6873.14,3.72,1.52,0.72,False,18,1,NGO has unusually high pending/unverified disbursement ratio (72%)
T03599,NGO016,139600.39,12.92,4.52,0.21,False,16,0,
T03600,NGO016,8018.19,8.94,7.18,0.23,False,13,0,
T03601,NGO016,18582.31,1.4,7.97,0.23,False,12,0,
T03602,NGO016,7812.65,6.98,6.58,0.2,False,15,0,
T03603,NGO016,12566.55,1.15,3.77,0.22,False,11,0,
T03604,NGO016,26884.82,7.38,0.0,0.2,False,10,0,
T03605,NGO016,29191.89,0.13,2.89,0.1,False,13,0,
T03606,NGO016,39882.17,11.5,8.34,0.23,False,17,0,
T03607,NGO016,12217.51,0.44,8.66,0.22,False,7,0,
T03608,NGO016,9601.13,2.12,4.81,0.15,False,10,0,
T03609,NGO016,30924.59,1.82,3.67,0.25,False,13,0,
T03610,NGO016,12459.01,8.25,3.72,0.16,False,17,0,
T03611,NGO016,22716.86,1.79,6.29,0.21,False,13,0,
T03612,NGO016,12023.57,5.49,0.0,0.18,False,14,0,
T03613,NGO016,12924.91,4.44,2.28,0.18,False,16,0,
T03614,NGO016,22470.11,5.91,5.2,0.19,False,17,0,
T03615,NGO016,12895.15,7.31,7.1,0.19,False,10,0,
T03616,NGO016,18075.24,5.41,8.13,0.14,False,10,0,
T03617,NGO016,55465.41,10.02,1.35,0.22,False,17,0,
T03618,NGO016,12773.14,11.6,2.63,0.2,False,12,0,
T03619,NGO016,3926.54,3.98,3.88,0.2,False,9,0,
T03620,NGO016,34379.44,5.06,8.41,0.18,False,17,0,
T03621,NGO016,16847.02,2.14,5.77,0.17,False,15,0,
T03622,NGO016,9795.44,8.54,7.66,0.21,False,12,0,
T03623,NGO016,22690.33,7.08,5.34,0.22,False,16,0,
T03624,NGO016,17590.46,8.5,9.9,0.15,False,16,0,
T03625,NGO016,7926.12,7.68,6.81,0.18,False,8,0,
T03626,NGO016,40566.04,2.41,6.41,0.25,False,11,0,
T03627,NGO016,14730.68,5.72,4.32,0.19,False,10,0,
T03628,NGO016,34895.86,11.38,3.62,0.22,False,18,0,
T03629,NGO016,26221.84,9.85,8.77,0.27,False,14,0,
T03630,NGO016,28168.88,10.56,5.26,0.26,False,15,0,
T03631,NGO016,13344.3,7.07,6.6,0.19,False,12,0,
T03632,NGO016,15189.4,5.91,8.93,0.2,False,11,0,
T03633,NGO016,12631.54,8.16,4.43,0.23,False,16,0,
T03634,NGO016,20000.0,5.18,5.88,0.18,True,6,1,"Round-number amount, possible structuring"
T03635,NGO016,8839.85,6.73,4.34,0.14,False,14,0,
T03636,NGO016,11985.34,5.98,5.32,0.19,False,9,0,
T03637,NGO016,32308.44,11.53,6.93,0.18,False,13,0,
T03638,NGO016,15457.82,8.54,2.3,0.2,False,7,0,
T03639,NGO016,32607.94,7.77,1.8,0.18,False,17,0,
T03640,NGO016,13381.7,4.1,3.58,0.18,False,12,0,
T03641,NGO016,11145.47,0.94,1.84,0.21,False,16,0,
T03642,NGO016,11664.04,9.54,1.41,0.21,False,17,0,
T03643,NGO016,22100.78,8.7,5.6,0.17,False,11,0,
T03644,NGO016,31175.23,9.63,6.13,0.2,False,11,0,
T03645,NGO016,40715.91,9.4,2.37,0.2,False,14,0,
T03646,NGO016,7790.29,0.15,8.65,0.21,False,8,1,Disbursed within hours of donation arriving
T03647,NGO016,15382.14,7.71,4.74,0.22,False,17,0,
T03648,NGO016,29658.3,11.65,3.52,0.21,False,8,0,
T03649,NGO016,29378.53,3.91,8.09,0.19,False,16,0,
T03650,NGO016,18785.75,4.02,8.4,0.18,False,16,0,
T03651,NGO016,24915.6,7.3,5.8,0.13,False,11,0,
T03652,NGO016,32796.08,10.35,2.43,0.21,False,10,0,
T03653,NGO016,24814.06,3.59,10.83,0.18,False,10,0,
T03654,NGO016,19428.3,9.2,7.22,0.15,False,12,0,
T03655,NGO016,5750.62,5.49,7.84,0.22,False,14,0,
T03656,NGO016,12947.98,4.76,6.4,0.23,False,18,0,
T03657,NGO016,66948.08,7.48,7.9,0.22,False,13,0,
T03658,NGO016,7135.31,1.13,9.48,0.19,False,15,0,
T03659,NGO016,35156.1,6.91,7.6,0.23,False,15,0,
T03660,NGO016,17841.87,3.74,1.83,0.23,False,18,0,
T03661,NGO016,4962.17,7.3,9.6,0.2,False,7,0,
T03662,NGO016,21000.49,3.81,3.73,0.21,False,16,0,
T03663,NGO016,12154.67,10.25,0.41,0.17,False,15,0,
T03664,NGO016,17793.91,7.67,5.98,0.18,False,5,0,
T03665,NGO016,28283.25,7.59,4.65,0.19,False,9,0,
T03666,NGO016,12142.87,6.88,0.79,0.21,False,16,0,
T03667,NGO016,15791.77,7.76,1.53,0.16,False,12,0,
T03668,NGO016,15415.89,4.62,7.08,0.21,False,14,0,
T03669,NGO016,8993.15,9.05,5.18,0.17,False,9,0,
T03670,NGO016,14724.27,8.61,7.58,0.21,False,7,0,
T03671,NGO016,13184.0,4.26,5.49,0.22,False,13,0,
T03672,NGO016,8875.45,8.91,7.78,0.18,False,12,0,
T03673,NGO016,17444.88,7.46,6.66,0.2,False,11,0,
T03674,NGO016,21482.52,8.88,5.65,0.18,False,12,0,
T03675,NGO016,21923.28,9.24,6.38,0.19,False,14,0,
T03676,NGO016,11351.12,11.09,2.61,0.18,False,9,0,
T03677,NGO016,17537.25,5.72,2.18,0.22,False,11,0,
T03678,NGO016,11035.6,6.04,9.07,0.19,False,11,0,
T03679,NGO016,7938.2,8.11,2.83,0.16,False,12,0,
T03680,NGO016,67705.37,9.14,8.87,0.17,False,13,0,
T03681,NGO016,17738.95,5.41,3.29,0.19,False,15,0,
T03682,NGO016,8730.5,6.86,3.97,0.24,False,9,0,
T03683,NGO016,23409.33,8.93,5.22,0.18,False,11,0,
T03684,NGO016,6952.63,6.84,2.11,0.12,False,12,0,
T03685,NGO016,53370.84,3.94,2.06,0.19,False,10,0,
T03686,NGO016,29756.14,4.91,5.27,0.23,False,10,0,
T03687,NGO016,7667.4,7.34,6.65,0.15,False,9,0,
T03688,NGO016,13459.85,4.16,2.06,0.2,False,11,0,
T03689,NGO016,10745.74,2.9,5.31,0.23,False,14,0,
T03690,NGO016,11961.81,10.52,0.0,0.17,False,13,0,
T03691,NGO016,19122.43,5.96,1.77,0.19,False,15,0,
T03692,NGO016,24370.27,6.31,0.0,0.17,False,13,0,
T03693,NGO016,46789.1,4.2,6.48,0.21,False,12,0,
T03694,NGO016,32338.04,76.8,9.63,0.16,False,6,1,Donation sat unspent for 77 days before disbursement
T03695,NGO016,15433.68,5.52,0.0,0.22,False,10,0,
T03696,NGO016,14327.18,1.0,8.89,0.2,False,9,0,
T03697,NGO016,23603.36,2.85,4.01,0.19,False,10,0,
T03698,NGO016,6496.29,9.69,3.91,0.18,False,13,0,
T03699,NGO016,18006.02,3.71,8.98,0.2,False,15,0,
T03700,NGO016,9067.21,8.37,6.49,0.21,False,13,0,
T03701,NGO016,18564.63,7.8,8.19,0.17,False,9,0,
T03702,NGO016,15984.16,9.81,2.06,0.19,False,7,0,
T03703,NGO016,16871.9,3.7,3.52,0.18,False,17,0,
T03704,NGO016,15685.17,5.83,1.04,0.2,False,15,0,
T03705,NGO016,9163.46,4.35,5.83,0.14,False,14,0,
T03706,NGO016,6192.72,3.8,6.69,0.22,False,16,0,
T03707,NGO016,17918.9,69.5,2.06,0.18,False,15,1,Donation sat unspent for 70 days before disbursement
T03708,NGO016,16715.6,8.47,7.5,0.2,False,14,0,
T03709,NGO016,14585.33,3.03,5.55,0.2,False,14,0,
T03710,NGO016,27862.36,6.52,3.13,0.18,False,11,0,
T03711,NGO016,28026.29,6.41,9.42,0.23,False,13,0,
T03712,NGO016,19821.87,9.14,4.43,0.17,False,14,0,
T03713,NGO016,11432.6,1.92,6.66,0.21,False,0,1,Disbursement created at unusual hour (0:00)
T03714,NGO016,22431.89,0.85,6.26,0.14,False,14,0,
T03715,NGO016,10153.09,6.33,8.73,0.24,False,12,0,
T03716,NGO016,17776.71,3.28,6.27,0.18,False,13,0,
T03717,NGO016,20732.28,7.65,7.82,0.2,False,13,0,
T03718,NGO016,45238.92,8.51,9.98,0.22,False,12,0,
T03719,NGO017,17683.78,7.69,44.37,0.35,False,10,0,
T03720,NGO017,23128.42,5.91,43.68,0.37,False,15,0,
T03721,NGO017,12887.88,7.27,49.56,0.4,False,12,0,
T03722,NGO017,8778.91,6.02,46.2,0.29,False,13,0,
T03723,NGO017,11255.16,5.6,48.94,0.31,False,9,0,
T03724,NGO017,10396.56,6.24,42.8,0.33,False,18,0,
T03725,NGO017,24965.36,12.0,41.53,0.31,False,11,0,
T03726,NGO017,13812.24,5.77,44.5,0.36,False,13,0,
T03727,NGO017,7343.66,10.3,45.68,0.31,False,17,0,
T03728,NGO017,23734.94,3.45,43.75,0.4,False,18,0,
T03729,NGO017,6159.17,9.02,42.01,0.37,False,17,0,
T03730,NGO017,21360.79,6.02,48.8,0.26,False,11,0,
T03731,NGO017,10842.06,0.14,46.68,0.33,False,17,1,Disbursed within hours of donation arriving
T03732,NGO017,26469.13,5.5,51.55,0.33,False,13,0,
T03733,NGO017,24660.49,0.09,51.42,0.36,False,10,0,
T03734,NGO017,25062.36,6.87,44.64,0.27,False,16,0,
T03735,NGO017,29201.0,7.06,41.91,0.33,False,20,0,
T03736,NGO017,19867.09,6.2,49.32,0.4,False,11,0,
T03737,NGO017,13235.0,6.08,46.85,0.36,False,16,0,
T03738,NGO017,8917.02,6.99,46.72,0.33,False,10,0,
T03739,NGO017,18772.54,11.15,45.85,0.36,False,15,0,
T03740,NGO017,9283.48,6.35,43.5,0.31,False,15,0,
T03741,NGO017,25260.56,7.52,51.02,0.34,False,10,0,
T03742,NGO017,11212.32,5.0,45.85,0.37,False,9,0,
T03743,NGO017,14651.74,4.82,40.7,0.37,False,17,0,
T03744,NGO017,11493.57,0.13,44.84,0.36,False,6,1,Disbursed within hours of donation arriving
T03745,NGO017,15001.38,7.66,42.65,0.37,False,11,0,
T03746,NGO017,12300.88,5.16,46.21,0.35,False,16,0,
T03747,NGO017,16273.06,0.89,44.67,0.38,False,9,0,
T03748,NGO017,29566.99,11.99,42.93,0.35,False,13,0,
T03749,NGO017,7286.18,4.37,51.32,0.37,False,16,0,
T03750,NGO017,8724.8,10.15,50.36,0.37,False,8,0,
T03751,NGO017,8194.14,3.08,49.61,0.33,False,15,0,
T03752,NGO017,8845.26,5.36,45.94,0.36,False,11,0,
T03753,NGO017,13384.37,6.36,43.14,0.32,False,10,0,
T03754,NGO017,11673.36,3.25,47.42,0.32,False,15,0,
T03755,NGO017,13806.45,6.84,47.99,0.35,False,14,0,
T03756,NGO017,27303.58,10.66,43.26,0.38,False,14,0,
T03757,NGO017,11703.81,10.16,50.33,0.36,False,12,0,
T03758,NGO017,10293.05,2.26,42.9,0.32,False,10,0,
T03759,NGO017,18392.16,7.38,50.96,0.35,False,11,0,
T03760,NGO017,15657.53,9.14,45.68,0.32,False,16,0,
T03761,NGO017,7445.99,5.93,41.88,0.33,False,6,0,
T03762,NGO017,7758.74,6.27,47.38,0.35,False,17,0,
T03763,NGO017,15705.36,6.65,56.92,0.38,False,10,0,
T03764,NGO017,20415.26,9.18,46.95,0.35,False,15,0,
T03765,NGO017,13307.49,11.59,42.23,0.34,False,15,0,
T03766,NGO017,10564.17,3.91,46.0,0.33,False,12,0,
T03767,NGO017,33859.76,7.16,48.36,0.35,False,11,0,
T03768,NGO017,19616.78,5.77,45.21,0.37,False,13,0,
T03769,NGO017,11005.45,8.6,47.22,0.33,False,14,0,
T03770,NGO017,13323.36,7.26,47.77,0.38,False,14,0,
T03771,NGO017,13843.5,5.13,44.96,0.3,False,14,0,
T03772,NGO017,19076.75,13.22,48.18,0.32,False,13,0,
T03773,NGO017,9320.89,6.19,46.17,0.36,False,9,0,
T03774,NGO017,13281.88,4.38,45.37,0.33,False,13,0,
T03775,NGO017,42582.05,9.03,47.65,0.39,False,12,0,
T03776,NGO017,10876.52,1.62,45.09,0.33,False,15,0,
T03777,NGO017,16467.06,6.36,45.71,0.34,False,14,0,
T03778,NGO017,8917.12,5.52,43.28,0.35,False,13,0,
T03779,NGO017,20928.71,6.81,44.69,0.33,False,9,0,
T03780,NGO017,13636.09,9.31,47.69,0.31,False,10,0,
T03781,NGO017,30945.75,4.7,42.7,0.39,False,13,0,
T03782,NGO017,14878.56,10.6,47.4,0.3,False,7,0,
T03783,NGO017,13172.05,6.01,46.75,0.32,False,14,0,
T03784,NGO017,24325.83,1.09,46.77,0.39,False,19,0,
T03785,NGO017,33097.07,7.34,47.91,0.31,False,13,0,
T03786,NGO017,30581.75,6.18,45.36,0.35,False,13,0,
T03787,NGO017,31132.14,6.68,46.06,0.31,False,16,0,
T03788,NGO017,9728.06,2.18,47.74,0.35,False,15,0,
T03789,NGO017,35073.84,6.08,44.47,0.43,False,9,0,
T03790,NGO017,81367.27,3.18,48.67,0.39,False,15,0,
T03791,NGO017,26279.93,4.79,46.63,0.36,False,11,0,
T03792,NGO017,35360.56,2.34,49.44,0.4,False,8,0,
T03793,NGO017,10565.4,8.19,51.11,0.37,False,14,0,
T03794,NGO017,23403.13,6.56,48.51,0.33,False,14,0,
T03795,NGO017,9538.42,4.48,45.17,0.34,False,16,0,
T03796,NGO017,3664.07,2.13,44.52,0.33,False,14,0,
T03797,NGO017,42459.03,1.85,45.1,0.34,False,12,0,
T03798,NGO017,34469.68,9.62,46.4,0.38,False,15,0,
T03799,NGO017,20091.13,2.72,43.58,0.37,False,9,0,
T03800,NGO017,12579.9,6.11,47.68,0.35,False,13,0,
T03801,NGO017,21270.38,5.15,50.1,0.34,False,12,0,
T03802,NGO017,16281.06,7.84,43.92,0.31,False,12,0,
T03803,NGO017,13094.12,6.01,51.53,0.32,False,20,0,
T03804,NGO017,20926.35,7.46,44.66,0.35,False,15,0,
T03805,NGO017,29095.66,6.09,48.56,0.36,False,16,0,
T03806,NGO017,9519.94,9.01,53.78,0.38,False,13,0,
T03807,NGO017,17931.41,3.1,43.7,0.34,False,18,0,
T03808,NGO017,12189.09,4.99,46.31,0.35,False,13,0,
T03809,NGO017,47774.35,9.13,49.3,0.32,False,17,0,
T03810,NGO017,10411.67,11.38,47.69,0.33,False,10,0,
T03811,NGO017,17073.69,0.51,47.85,0.32,False,12,0,
T03812,NGO017,12316.03,7.72,47.18,0.29,False,15,0,
T03813,NGO017,35897.09,1.38,52.65,0.34,False,10,0,
T03814,NGO017,26203.07,8.09,43.57,0.36,False,10,0,
T03815,NGO017,20631.44,7.96,46.27,0.37,False,9,0,
T03816,NGO017,20000.0,7.6,47.26,0.32,True,10,1,"Round-number amount, possible structuring"
T03817,NGO017,27240.97,7.39,44.12,0.33,False,12,0,
T03818,NGO017,14932.45,4.77,42.18,0.36,False,16,0,
T03819,NGO017,10243.83,6.58,46.88,0.35,False,13,0,
T03820,NGO017,10062.38,13.05,49.96,0.38,False,13,0,
T03821,NGO017,13886.15,6.03,44.11,0.37,False,11,0,
T03822,NGO017,25130.44,3.89,45.18,0.34,False,0,1,Disbursement created at unusual hour (0:00)
T03823,NGO017,15254.98,4.1,50.77,0.38,False,14,0,
T03824,NGO017,12905.67,5.83,48.65,0.32,False,14,0,
T03825,NGO017,15116.07,9.95,41.13,0.38,False,12,0,
T03826,NGO017,12668.2,6.1,45.49,0.34,False,13,0,
T03827,NGO017,12450.88,8.07,45.86,0.36,False,13,0,
T03828,NGO017,9099.23,5.12,47.73,0.32,False,13,0,
T03829,NGO017,5513.96,6.74,48.65,0.35,False,16,0,
T03830,NGO017,16322.4,10.08,47.35,0.33,False,14,0,
T03831,NGO017,7175.99,9.02,42.65,0.39,False,10,0,
T03832,NGO017,13848.4,0.2,49.94,0.29,False,15,1,Disbursed within hours of donation arriving
T03833,NGO017,12175.78,8.91,41.47,0.37,False,15,0,
T03834,NGO017,27613.86,3.61,43.63,0.32,False,11,0,
T03835,NGO017,27076.26,7.54,42.69,0.32,False,11,0,
T03836,NGO017,15680.56,10.75,51.25,0.39,False,10,0,
T03837,NGO017,18176.05,12.08,47.97,0.3,False,11,0,
T03838,NGO017,14868.14,7.6,46.59,0.34,False,10,0,
T03839,NGO017,7693.9,6.02,46.86,0.32,False,18,0,
T03840,NGO017,16897.69,5.1,45.97,0.31,False,18,0,
T03841,NGO017,8462.96,11.01,47.46,0.34,False,13,0,
T03842,NGO017,21178.1,7.51,44.8,0.33,False,10,0,
T03843,NGO017,40724.25,9.69,36.26,0.38,False,12,0,
T03844,NGO017,11053.47,3.3,43.96,0.31,False,8,0,
T03845,NGO017,19494.09,6.15,47.82,0.34,False,9,0,
T03846,NGO017,21417.05,4.18,42.82,0.32,False,10,0,
T03847,NGO017,13376.23,8.02,46.68,0.35,False,23,1,Disbursement created at unusual hour (23:00)
T03848,NGO017,5941.16,0.69,43.99,0.37,False,11,0,
T03849,NGO017,8938.35,8.79,40.65,0.33,False,11,0,
T03850,NGO017,10645.19,4.63,49.41,0.33,False,6,0,
T03851,NGO017,10532.0,9.47,40.82,0.39,False,10,0,
T03852,NGO017,21659.33,8.84,45.61,0.36,False,13,0,
T03853,NGO017,4484.48,2.53,49.86,0.36,False,14,0,
T03854,NGO017,27227.61,5.59,47.74,0.4,False,12,0,
T03855,NGO017,19153.48,2.55,45.57,0.3,False,13,0,
T03856,NGO017,13248.74,0.67,41.51,0.34,False,13,0,
T03857,NGO017,16510.93,3.04,48.91,0.38,False,12,0,
T03858,NGO017,38826.93,12.37,44.64,0.33,False,13,0,
T03859,NGO017,28199.02,3.71,42.44,0.34,False,20,0,
T03860,NGO017,8541.7,5.33,47.45,0.32,False,13,0,
T03861,NGO017,10273.95,8.21,42.79,0.36,False,13,0,
T03862,NGO017,9656.7,4.76,45.26,0.33,False,11,0,
T03863,NGO017,16125.24,10.32,47.74,0.34,False,9,0,
T03864,NGO017,12958.84,5.98,41.31,0.35,False,7,0,
T03865,NGO017,24344.81,8.88,45.29,0.34,False,8,0,
T03866,NGO017,18184.11,0.07,47.1,0.32,False,16,0,
T03867,NGO017,78124.24,7.21,46.08,0.4,False,6,0,
T03868,NGO017,13940.84,5.57,47.21,0.35,False,16,0,
T03869,NGO017,21294.29,7.39,42.28,0.35,False,13,0,
T03870,NGO017,8792.29,5.77,54.95,0.33,False,13,0,
T03871,NGO017,10193.46,7.85,348.85,0.41,False,18,1,Unusually slow bill verification for this NGO (349h)
T03872,NGO017,7852.54,4.22,40.65,0.34,False,7,0,
T03873,NGO017,21980.29,88.11,51.54,0.31,False,15,1,Donation sat unspent for 88 days before disbursement
T03874,NGO017,8343.54,4.53,52.55,0.31,False,16,0,
T03875,NGO017,9262.45,9.67,46.0,0.38,False,15,0,
T03876,NGO017,20457.66,3.27,47.33,0.34,False,10,0,
T03877,NGO017,20591.09,10.5,46.29,0.33,False,11,0,
T03878,NGO017,26030.78,5.76,46.0,0.36,False,12,0,
T03879,NGO017,17723.01,10.28,50.32,0.34,False,17,0,
T03880,NGO017,13551.15,10.21,48.98,0.34,False,13,0,
T03881,NGO017,5463.55,2.6,47.65,0.37,False,16,0,
T03882,NGO017,13062.74,8.85,47.12,0.33,False,16,0,
T03883,NGO017,31200.54,5.25,50.87,0.35,False,13,0,
T03884,NGO017,10777.93,10.68,48.78,0.36,False,11,0,
T03885,NGO017,26636.39,6.85,46.2,0.39,False,10,0,
T03886,NGO017,6567.04,7.07,42.12,0.32,False,16,0,
T03887,NGO017,124008.67,6.55,46.6,0.31,False,8,0,
T03888,NGO017,6119.88,3.18,47.47,0.39,False,12,0,
T03889,NGO017,12366.11,3.29,45.01,0.34,False,15,0,
T03890,NGO017,4846.55,6.65,41.88,0.36,False,11,0,
T03891,NGO017,24071.33,7.72,48.31,0.32,False,17,0,
T03892,NGO017,8505.68,5.44,43.1,0.37,False,11,0,
T03893,NGO017,44392.24,5.61,41.98,0.31,False,15,0,
T03894,NGO017,24088.42,4.88,124.79,0.31,False,10,1,Unusually slow bill verification for this NGO (125h)
T03895,NGO017,33305.34,1.93,41.12,0.36,False,12,0,
T03896,NGO017,8689.51,10.74,44.92,0.34,False,11,0,
T03897,NGO017,18069.82,10.92,50.93,0.35,False,11,0,
T03898,NGO017,14069.6,1.6,52.53,0.38,False,12,0,
T03899,NGO017,13511.37,8.1,41.19,0.36,False,19,0,
T03900,NGO017,9802.86,8.67,48.99,0.33,False,15,0,
T03901,NGO017,21183.31,5.63,41.97,0.33,False,9,0,
T03902,NGO017,46854.6,3.37,47.99,0.32,False,18,0,
T03903,NGO017,15020.12,7.15,48.76,0.34,False,15,0,
T03904,NGO017,6777.36,2.68,47.21,0.36,False,8,0,
T03905,NGO017,41726.71,0.56,39.27,0.32,False,12,0,
T03906,NGO017,24876.81,0.02,44.19,0.32,False,15,0,
T03907,NGO017,14752.13,7.07,43.58,0.36,False,11,0,
T03908,NGO017,12693.57,4.57,47.17,0.33,False,17,0,
T03909,NGO017,22398.01,7.07,284.41,0.32,False,13,1,Unusually slow bill verification for this NGO (284h)
T03910,NGO017,13761.75,4.54,45.46,0.35,False,14,0,
T03911,NGO017,26290.9,6.77,45.68,0.34,False,12,0,
T03912,NGO017,11426.31,9.02,47.38,0.29,False,9,0,
T03913,NGO017,41880.34,4.45,45.07,0.3,False,13,0,
T03914,NGO017,20458.26,6.65,48.96,0.31,False,16,0,
T03915,NGO017,11886.14,9.13,44.96,0.31,False,13,0,
T03916,NGO017,13575.13,7.91,45.07,0.29,False,14,0,
T03917,NGO017,38296.1,8.25,47.06,0.36,False,14,0,
T03918,NGO017,20212.39,4.76,44.87,0.38,False,14,0,
T03919,NGO017,11986.49,5.86,44.63,0.32,False,15,0,
T03920,NGO017,12387.6,13.45,49.5,0.3,False,11,0,
T03921,NGO017,39047.89,4.19,47.52,0.33,False,15,0,
T03922,NGO017,9000.43,8.94,50.09,0.31,False,11,0,
T03923,NGO017,32142.88,12.72,47.13,0.37,False,9,0,
T03924,NGO017,24391.0,8.67,48.15,0.38,False,11,0,
T03925,NGO017,16492.34,5.91,49.08,0.41,False,14,0,
T03926,NGO017,17964.28,9.75,48.28,0.33,False,14,0,
T03927,NGO017,9174.34,6.72,43.84,0.35,False,13,0,
T03928,NGO017,9508.31,1.4,47.11,0.38,False,12,0,
T03929,NGO017,10850.43,0.07,45.45,0.32,False,13,0,
T03930,NGO017,14334.74,12.46,49.27,0.36,False,12,0,
T03931,NGO017,17788.24,7.56,48.43,0.29,False,15,0,
T03932,NGO017,20115.97,9.3,44.75,0.34,False,10,0,
T03933,NGO017,5226.95,5.83,43.15,0.28,False,14,0,
T03934,NGO017,37791.15,7.49,40.14,0.33,False,16,0,
T03935,NGO017,25546.61,7.25,48.93,0.27,False,19,0,
T03936,NGO017,10563.42,0.01,46.55,0.36,False,14,1,Disbursed within hours of donation arriving
T03937,NGO017,29759.82,0.3,43.82,0.33,False,9,0,
T03938,NGO017,10378.78,7.06,50.99,0.33,False,20,0,
T03939,NGO017,13194.98,3.16,49.81,0.37,False,19,0,
T03940,NGO017,12680.71,7.53,40.38,0.33,False,20,0,
T03941,NGO017,26009.41,9.53,43.57,0.35,False,12,0,
T03942,NGO017,11523.3,5.67,47.82,0.35,False,13,0,
T03943,NGO017,14068.26,1.63,45.1,0.36,False,13,0,
T03944,NGO017,5580.21,7.29,47.46,0.37,False,16,0,
T03945,NGO017,28272.83,4.64,45.09,0.34,False,11,0,
T03946,NGO017,19995.03,9.31,44.66,0.29,False,13,0,
T03947,NGO017,29544.24,4.06,43.16,0.38,False,10,0,
T03948,NGO017,16150.09,7.59,45.19,0.39,False,18,0,
T03949,NGO017,17160.24,3.75,43.04,0.34,False,12,0,
T03950,NGO017,31224.0,9.08,43.98,0.32,False,7,0,
T03951,NGO017,26933.34,2.72,41.12,0.37,False,11,0,
T03952,NGO017,10538.73,1.42,42.32,0.34,False,11,0,
T03953,NGO017,13678.23,5.13,39.39,0.33,False,14,0,
T03954,NGO017,17117.27,3.68,51.32,0.36,False,7,0,
T03955,NGO017,15029.67,9.1,43.77,0.32,False,10,0,
T03956,NGO017,7853.9,5.68,43.05,0.34,False,9,0,
T03957,NGO017,36114.3,6.26,46.47,0.41,False,11,0,
T03958,NGO017,22857.24,3.48,42.05,0.36,False,6,0,
T03959,NGO017,11495.79,5.19,45.76,0.3,False,11,0,
T03960,NGO017,6107.84,2.03,45.11,0.39,False,10,0,
T03961,NGO017,12745.7,1.35,40.67,0.33,False,15,0,
T03962,NGO017,20796.97,4.78,50.2,0.33,False,13,0,
T03963,NGO017,34949.76,1.63,53.08,0.32,False,10,0,
T03964,NGO018,12172.68,7.73,14.37,0.15,False,15,0,
T03965,NGO018,7612.31,10.35,7.06,0.22,False,15,0,
T03966,NGO018,20331.9,4.1,12.69,0.24,False,12,0,
T03967,NGO018,14411.5,5.9,6.79,0.21,False,10,0,
T03968,NGO018,26040.83,9.71,14.51,0.17,False,10,0,
T03969,NGO018,31444.29,7.24,13.98,0.16,False,10,0,
T03970,NGO018,17180.8,6.15,9.41,0.2,False,12,0,
T03971,NGO018,13875.93,3.25,7.54,0.16,False,6,0,
T03972,NGO018,15304.06,8.01,5.98,0.19,False,14,0,
T03973,NGO018,25986.36,11.84,14.09,0.16,False,12,0,
T03974,NGO018,13967.64,6.02,8.63,0.24,False,15,0,
T03975,NGO018,7924.24,3.85,12.82,0.21,False,19,0,
T03976,NGO018,18905.8,1.46,7.49,0.17,False,17,0,
T03977,NGO018,28224.39,4.9,7.34,0.24,False,16,0,
T03978,NGO018,40818.32,9.25,12.24,0.22,False,9,0,
T03979,NGO018,17927.99,4.52,7.21,0.23,False,10,0,
T03980,NGO018,17309.03,5.73,8.19,0.21,False,11,0,
T03981,NGO018,24486.37,1.88,9.51,0.19,False,10,0,
T03982,NGO018,10805.03,9.74,12.79,0.19,False,21,0,
T03983,NGO018,19427.82,11.37,6.53,0.17,False,6,0,
T03984,NGO018,7593.67,7.16,2.1,0.2,False,10,0,
T03985,NGO018,16558.98,7.21,4.36,0.2,False,12,0,
T03986,NGO018,16254.01,6.35,9.25,0.26,False,17,0,
T03987,NGO018,31882.89,2.19,9.32,0.21,False,19,0,
T03988,NGO018,53923.96,5.7,8.06,0.18,False,13,0,
T03989,NGO018,9454.34,1.38,3.8,0.15,False,16,0,
T03990,NGO018,24116.54,11.56,5.26,0.17,False,10,0,
T03991,NGO018,8662.98,7.06,10.89,0.22,False,17,0,
T03992,NGO018,9119.31,2.19,9.5,0.2,False,12,0,
T03993,NGO018,36033.19,9.31,9.64,0.14,False,14,0,
T03994,NGO018,19996.64,8.49,7.0,0.18,False,10,0,
T03995,NGO018,13375.61,6.43,10.76,0.23,False,16,0,
T03996,NGO018,14310.61,0.7,12.2,0.19,False,9,0,
T03997,NGO018,18273.0,0.35,11.17,0.19,False,12,0,
T03998,NGO018,8579.41,0.73,9.14,0.24,False,12,0,
T03999,NGO018,31811.23,7.63,10.14,0.22,False,13,0,
T04000,NGO018,40287.5,6.89,13.1,0.25,False,15,0,
T04001,NGO018,10201.06,8.06,11.03,0.2,False,15,0,
T04002,NGO018,17117.93,2.39,13.84,0.23,False,8,0,
T04003,NGO018,23119.02,8.18,13.25,0.17,False,6,0,
T04004,NGO018,15763.08,5.16,12.23,0.17,False,9,0,
T04005,NGO018,8624.31,6.44,8.22,0.22,False,10,0,
T04006,NGO018,18777.99,9.89,9.31,0.22,False,15,0,
T04007,NGO018,19222.3,4.0,12.41,0.18,False,12,0,
T04008,NGO018,10158.75,11.89,13.2,0.26,False,11,0,
T04009,NGO018,11251.13,6.41,10.58,0.2,False,17,0,
T04010,NGO018,6400.88,2.8,6.58,0.21,False,12,0,
T04011,NGO018,12266.3,9.13,7.24,0.19,False,14,0,
T04012,NGO018,11865.42,3.56,7.89,0.18,False,12,0,
T04013,NGO018,14164.5,9.19,14.61,0.24,False,13,0,
T04014,NGO018,40634.29,10.29,12.64,0.16,False,9,0,
T04015,NGO018,5190.61,8.18,2.92,0.23,False,18,0,
T04016,NGO018,42204.28,10.01,8.81,0.22,False,11,0,
T04017,NGO018,31637.04,7.99,11.45,0.27,False,11,0,
T04018,NGO018,10637.21,9.32,9.02,0.18,False,9,0,
T04019,NGO018,15718.68,0.9,9.44,0.22,False,10,0,
T04020,NGO018,46656.5,3.74,9.88,0.21,False,14,0,
T04021,NGO018,10366.72,6.89,12.51,0.22,False,11,0,
T04022,NGO018,25888.96,7.53,9.93,0.19,False,14,0,
T04023,NGO018,14815.33,6.93,8.27,0.22,False,9,0,
T04024,NGO018,11897.59,6.3,13.51,0.19,False,11,0,
T04025,NGO018,40532.38,11.37,10.22,0.19,False,13,0,
T04026,NGO018,26666.89,6.71,11.93,0.24,False,15,0,
T04027,NGO018,30742.19,6.83,11.66,0.19,False,9,0,
T04028,NGO018,46073.96,9.41,8.87,0.23,False,12,0,
T04029,NGO018,20886.74,3.99,10.26,0.2,False,14,0,
T04030,NGO018,17638.65,7.34,17.29,0.2,False,12,0,
T04031,NGO018,22344.96,7.85,10.33,0.2,False,9,0,
T04032,NGO018,8051.83,9.42,13.93,0.2,False,10,0,
T04033,NGO018,50406.39,5.77,11.55,0.23,False,16,0,
T04034,NGO018,19662.84,2.54,8.69,0.18,False,14,0,
T04035,NGO018,35418.81,7.37,7.61,0.17,False,18,0,
T04036,NGO018,12444.84,7.08,12.32,0.25,False,14,0,
T04037,NGO018,14643.03,4.01,17.12,0.2,False,12,0,
T04038,NGO018,19126.61,1.48,10.37,0.21,False,13,0,
T04039,NGO018,11352.57,6.03,12.94,0.15,False,14,0,
T04040,NGO018,24397.16,5.19,11.54,0.2,False,17,0,
T04041,NGO018,16707.07,6.1,11.81,0.17,False,15,0,
T04042,NGO018,26343.43,8.62,8.55,0.16,False,11,0,
T04043,NGO018,10806.06,9.83,6.94,0.22,False,8,0,
T04044,NGO018,7406.26,7.1,12.18,0.17,False,10,0,
T04045,NGO018,20014.72,0.38,238.67,0.17,False,7,1,Unusually slow bill verification for this NGO (239h)
T04046,NGO018,10390.96,5.67,9.46,0.22,False,7,0,
T04047,NGO018,14363.17,3.31,11.11,0.21,False,10,0,
T04048,NGO018,12571.18,7.29,7.65,0.22,False,12,0,
T04049,NGO018,9152.45,5.54,7.12,0.15,False,12,0,
T04050,NGO018,13624.22,5.61,10.16,0.22,False,15,0,
T04051,NGO018,11640.29,4.7,6.3,0.15,False,14,0,
T04052,NGO018,15451.89,6.01,13.7,0.22,False,12,0,
T04053,NGO018,32150.32,0.81,13.16,0.23,False,10,0,
T04054,NGO018,15913.85,9.66,6.02,0.19,False,9,0,
T04055,NGO018,18181.0,3.63,6.48,0.26,False,16,0,
T04056,NGO018,17534.78,6.79,12.5,0.11,False,10,0,
T04057,NGO018,9567.81,6.16,8.73,0.17,False,17,0,
T04058,NGO018,21772.43,12.47,10.38,0.13,False,10,0,
T04059,NGO018,23385.62,9.35,10.32,0.15,False,12,0,
T04060,NGO018,12335.16,5.91,9.56,0.21,False,13,0,
T04061,NGO018,10181.46,4.22,11.16,0.1,False,17,0,
T04062,NGO018,9355.68,6.15,21.68,0.16,False,16,0,
T04063,NGO018,14069.69,9.79,8.54,0.24,False,13,0,
T04064,NGO018,12923.66,5.41,11.18,0.21,False,15,0,
T04065,NGO018,13544.94,0.53,11.3,0.23,False,13,0,
T04066,NGO018,4748.05,8.03,14.15,0.19,False,16,0,
T04067,NGO018,5638.8,7.74,9.2,0.18,False,18,0,
T04068,NGO018,22555.91,10.98,12.88,0.21,False,9,0,
T04069,NGO018,22853.34,10.13,12.81,0.23,False,11,0,
T04070,NGO018,7287.37,2.51,12.34,0.2,False,11,0,
T04071,NGO018,8600.96,8.57,3.13,0.21,False,15,0,
T04072,NGO018,7047.14,3.47,11.06,0.17,False,11,0,
T04073,NGO018,19451.43,8.39,9.86,0.25,False,11,0,
T04074,NGO018,32143.26,8.33,13.23,0.23,False,8,0,
T04075,NGO018,18796.58,5.94,8.32,0.2,False,17,0,
T04076,NGO018,25097.5,5.69,9.95,0.22,False,11,0,
T04077,NGO018,29686.12,3.6,7.84,0.2,False,9,0,
T04078,NGO018,18573.18,5.44,8.63,0.16,False,16,0,
T04079,NGO018,15767.32,12.55,15.17,0.21,False,13,0,
T04080,NGO018,21252.48,6.31,11.83,0.19,False,12,0,
T04081,NGO018,5017.01,1.67,8.82,0.27,False,17,0,
T04082,NGO018,30629.42,1.75,9.9,0.16,False,10,0,
T04083,NGO018,56754.87,7.63,7.25,0.2,False,12,0,
T04084,NGO018,35923.34,11.08,12.76,0.18,False,14,0,
T04085,NGO018,14341.07,2.07,8.17,0.2,False,13,0,
T04086,NGO018,18647.33,7.38,11.77,0.2,False,15,0,
T04087,NGO018,13207.29,8.76,9.34,0.15,False,14,0,
T04088,NGO018,12207.01,7.71,6.8,0.16,False,6,0,
T04089,NGO018,6446.94,3.81,5.92,0.22,False,8,0,
T04090,NGO018,35847.44,9.23,6.25,0.23,False,13,0,
T04091,NGO018,9186.39,4.47,9.54,0.18,False,16,0,
T04092,NGO018,25365.01,10.89,9.44,0.24,False,11,0,
T04093,NGO018,15234.88,9.07,14.82,0.22,False,16,0,
T04094,NGO018,11931.57,4.6,11.84,0.18,False,12,0,
T04095,NGO018,20615.2,2.74,6.1,0.19,False,8,0,
T04096,NGO018,12569.79,8.63,8.19,0.2,False,12,0,
T04097,NGO018,52700.17,8.28,10.59,0.15,False,8,0,
T04098,NGO018,15997.22,2.91,19.35,0.2,False,12,0,
T04099,NGO018,20059.14,6.25,9.92,0.21,False,18,0,
T04100,NGO018,19730.63,10.73,6.23,0.26,False,10,0,
T04101,NGO018,15127.14,6.79,7.27,0.17,False,11,0,
T04102,NGO018,16059.79,6.12,8.37,0.15,False,12,0,
T04103,NGO018,30604.96,2.51,10.47,0.17,False,12,0,
T04104,NGO018,13901.08,3.75,5.63,0.18,False,14,0,
T04105,NGO018,17295.05,8.46,10.2,0.18,False,12,0,
T04106,NGO018,12520.27,3.59,8.4,0.23,False,21,0,
T04107,NGO018,15803.02,6.36,7.61,0.19,False,9,0,
T04108,NGO018,31179.48,10.27,8.63,0.23,False,15,0,
T04109,NGO018,19185.58,5.62,9.59,0.22,False,16,0,
T04110,NGO018,21723.47,6.5,14.16,0.18,False,16,0,
T04111,NGO018,39749.28,3.97,11.74,0.17,False,10,0,
T04112,NGO018,20694.16,2.38,11.12,0.2,False,15,0,
T04113,NGO018,13923.81,0.22,10.04,0.18,False,15,0,
T04114,NGO018,13772.95,8.34,13.11,0.25,False,13,0,
T04115,NGO018,8761.71,0.05,10.54,0.24,False,9,0,
T04116,NGO018,12814.78,5.2,9.85,0.19,False,11,0,
T04117,NGO018,23052.1,6.65,11.08,0.23,False,15,0,
T04118,NGO018,52081.2,7.13,13.51,0.2,False,12,0,
T04119,NGO018,30350.08,1.35,14.05,0.19,False,10,0,
T04120,NGO018,14016.24,6.17,11.71,0.23,False,14,0,
T04121,NGO018,17606.83,5.27,10.17,0.21,False,12,0,
T04122,NGO018,32562.88,5.73,15.98,0.22,False,12,0,
T04123,NGO018,19085.27,3.31,12.28,0.2,False,15,0,
T04124,NGO018,16188.66,7.55,11.83,0.17,False,17,0,
T04125,NGO018,44585.14,5.57,6.27,0.21,False,12,0,
T04126,NGO018,11838.64,10.22,10.28,0.22,False,13,0,
T04127,NGO018,18715.38,11.58,6.82,0.18,False,19,0,
T04128,NGO018,14442.04,10.45,2.86,0.21,False,11,0,
T04129,NGO018,10079.86,13.16,11.44,0.2,False,10,0,
T04130,NGO018,21263.86,4.79,14.2,0.19,False,11,0,
T04131,NGO018,21766.42,8.2,7.71,0.23,False,10,0,
T04132,NGO018,7846.38,8.48,7.4,0.2,False,12,0,
T04133,NGO018,43187.94,8.46,5.63,0.24,False,19,0,
T04134,NGO018,16087.49,7.12,9.09,0.23,False,11,0,
T04135,NGO018,16322.23,4.23,10.94,0.19,False,11,0,
T04136,NGO018,10000.0,14.72,7.06,0.23,True,14,1,"Round-number amount, possible structuring"
T04137,NGO018,12999.01,9.35,10.9,0.19,False,13,0,
T04138,NGO018,16158.1,11.18,9.79,0.18,False,14,0,
T04139,NGO018,9935.98,5.45,13.91,0.19,False,11,0,
T04140,NGO018,6195.66,6.25,8.59,0.23,False,15,0,
T04141,NGO018,14904.2,6.25,14.33,0.21,False,14,0,
T04142,NGO018,26338.92,10.9,9.5,0.23,False,14,0,
T04143,NGO018,12766.4,4.26,12.2,0.18,False,12,0,
T04144,NGO018,34837.96,4.41,12.63,0.2,False,11,0,
T04145,NGO018,12003.39,9.65,10.41,0.18,False,14,0,
T04146,NGO018,27838.36,3.28,7.65,0.24,False,17,0,
T04147,NGO018,8813.41,6.81,9.47,0.21,False,17,0,
T04148,NGO018,86773.36,8.4,8.75,0.25,False,11,0,
T04149,NGO018,19086.39,3.33,12.65,0.2,False,12,0,
T04150,NGO018,12557.54,10.84,13.45,0.18,False,10,0,
T04151,NGO018,17698.55,3.5,5.13,0.18,False,9,0,
T04152,NGO018,11433.72,7.93,6.96,0.22,False,15,0,
T04153,NGO018,14335.66,5.21,7.35,0.18,False,15,0,
T04154,NGO018,10000.0,1.85,7.94,0.2,True,13,1,"Round-number amount, possible structuring"
T04155,NGO018,20896.37,3.53,15.49,0.2,False,15,0,
T04156,NGO019,22829.83,11.03,16.92,0.17,False,12,0,
T04157,NGO019,18106.11,4.3,14.34,0.19,False,13,0,
T04158,NGO019,8366.52,6.94,16.33,0.17,False,11,0,
T04159,NGO019,37454.46,6.44,14.64,0.12,False,8,0,
T04160,NGO019,20074.03,7.88,18.05,0.19,False,9,0,
T04161,NGO019,16697.11,4.77,16.39,0.22,False,14,0,
T04162,NGO019,29758.66,2.73,13.78,0.13,False,14,0,
T04163,NGO019,6973.05,6.39,18.06,0.17,False,12,0,
T04164,NGO019,13604.8,6.88,24.81,0.17,False,13,0,
T04165,NGO019,10198.98,5.85,12.26,0.15,False,12,0,
T04166,NGO019,6952.7,2.68,20.8,0.15,False,7,0,
T04167,NGO019,20741.0,3.75,15.39,0.18,False,14,0,
T04168,NGO019,11221.84,6.35,15.1,0.15,False,11,0,
T04169,NGO019,22110.49,5.15,17.76,0.15,False,10,0,
T04170,NGO019,16353.21,4.76,21.54,0.19,False,15,0,
T04171,NGO019,15284.53,2.04,15.86,0.18,False,4,1,Disbursement created at unusual hour (4:00)
T04172,NGO019,38525.18,4.66,14.45,0.2,False,15,0,
T04173,NGO019,11076.43,3.98,13.34,0.18,False,12,0,
T04174,NGO019,52436.9,6.77,16.09,0.25,False,14,0,
T04175,NGO019,19807.5,6.36,19.59,0.15,False,11,0,
T04176,NGO019,23841.62,4.5,17.29,0.15,False,13,0,
T04177,NGO019,22139.56,1.08,15.4,0.15,False,11,0,
T04178,NGO019,4038.44,5.5,21.05,0.12,False,1,1,Disbursement created at unusual hour (1:00)
T04179,NGO019,23865.42,2.77,13.11,0.13,False,13,0,
T04180,NGO019,9173.21,9.47,18.98,0.12,False,14,0,
T04181,NGO019,20333.76,5.26,16.31,0.21,False,13,0,
T04182,NGO019,21641.93,6.29,13.73,0.12,False,17,0,
T04183,NGO019,12452.07,10.37,22.42,0.16,False,13,0,
T04184,NGO019,19794.35,4.88,148.97,0.19,False,13,1,Unusually slow bill verification for this NGO (149h)
T04185,NGO019,14396.27,5.13,22.86,0.19,False,14,0,
T04186,NGO019,27849.87,8.86,9.26,0.13,False,11,0,
T04187,NGO019,11494.0,3.6,14.04,0.15,False,14,0,
T04188,NGO019,29264.72,16.21,13.17,0.12,False,17,0,
T04189,NGO019,22747.99,6.19,16.7,0.16,False,11,0,
T04190,NGO019,9419.52,6.73,16.47,0.12,False,11,0,
T04191,NGO019,32974.44,5.0,18.12,0.17,False,16,0,
T04192,NGO019,45014.43,6.65,16.91,0.14,False,11,0,
T04193,NGO019,28730.72,4.84,193.32,0.14,False,15,1,Unusually slow bill verification for this NGO (193h)
T04194,NGO019,21498.2,7.35,13.79,0.14,False,17,0,
T04195,NGO019,25118.46,2.81,15.61,0.16,False,11,0,
T04196,NGO019,13373.12,3.26,11.15,0.19,False,15,0,
T04197,NGO019,24795.31,6.06,15.1,0.16,False,14,0,
T04198,NGO019,37233.61,6.58,14.4,0.18,False,12,0,
T04199,NGO019,30324.1,1.54,15.9,0.13,False,14,0,
T04200,NGO019,13398.62,9.92,299.5,0.18,False,14,1,Unusually slow bill verification for this NGO (300h)
T04201,NGO019,17182.54,5.06,16.16,0.14,False,15,0,
T04202,NGO019,29045.7,4.68,11.4,0.18,False,12,0,
T04203,NGO019,7842.56,3.8,14.25,0.19,False,10,0,
T04204,NGO019,16812.8,5.37,15.21,0.16,False,7,0,
T04205,NGO019,20527.58,2.41,14.3,0.18,False,15,0,
T04206,NGO019,28795.52,2.51,21.33,0.17,False,19,0,
T04207,NGO019,19021.04,10.32,14.54,0.18,False,11,0,
T04208,NGO019,39502.83,0.93,19.9,0.18,False,11,0,
T04209,NGO019,28162.57,10.5,20.46,0.19,False,13,0,
T04210,NGO019,8837.68,3.66,10.66,0.11,False,13,0,
T04211,NGO019,14717.82,6.31,19.68,0.13,False,14,0,
T04212,NGO019,7609.13,4.71,19.39,0.17,False,8,0,
T04213,NGO019,22999.69,9.09,14.88,0.21,False,12,0,
T04214,NGO019,32722.47,8.2,13.56,0.18,False,14,0,
T04215,NGO019,9641.37,7.74,18.04,0.2,False,16,0,
T04216,NGO019,14763.77,7.34,21.05,0.14,False,18,0,
T04217,NGO019,8780.8,3.19,19.48,0.14,False,22,0,
T04218,NGO019,13054.56,5.03,17.39,0.13,False,13,0,
T04219,NGO019,18699.73,6.72,15.54,0.22,False,8,0,
T04220,NGO019,7106.75,5.79,18.34,0.18,False,16,0,
T04221,NGO019,27657.65,1.11,18.61,0.18,False,12,0,
T04222,NGO019,18677.64,9.26,19.39,0.2,False,10,0,
T04223,NGO019,6317.96,9.43,15.33,0.18,False,7,0,
T04224,NGO019,11206.52,4.56,18.12,0.17,False,14,0,
T04225,NGO019,10416.23,5.2,12.93,0.18,False,16,0,
T04226,NGO019,26548.65,6.66,14.04,0.18,False,12,0,
T04227,NGO019,18206.46,4.12,14.78,0.18,False,17,0,
T04228,NGO019,5000.0,8.2,17.87,0.12,True,8,1,"Round-number amount, possible structuring"
T04229,NGO019,9542.93,4.6,18.94,0.16,False,15,0,
T04230,NGO019,9083.39,1.92,13.1,0.16,False,15,0,
T04231,NGO019,9211.6,6.89,15.91,0.18,False,12,0,
T04232,NGO019,15102.57,6.69,14.11,0.2,False,8,0,
T04233,NGO019,32804.57,80.33,15.07,0.15,False,14,1,Donation sat unspent for 80 days before disbursement
T04234,NGO019,9668.24,9.65,12.67,0.19,False,15,0,
T04235,NGO019,13505.64,7.81,17.95,0.13,False,13,0,
T04236,NGO019,7215.53,3.71,13.49,0.11,False,10,0,
T04237,NGO019,10854.85,7.58,20.87,0.2,False,14,0,
T04238,NGO019,20082.1,6.95,13.44,0.14,False,15,0,
T04239,NGO019,24358.63,8.22,14.58,0.17,False,12,0,
T04240,NGO019,12136.44,0.18,22.99,0.19,False,13,1,Disbursed within hours of donation arriving
T04241,NGO019,8277.53,0.7,14.56,0.11,False,12,0,
T04242,NGO019,62842.94,5.79,19.24,0.19,False,17,0,
T04243,NGO019,15035.85,5.56,12.97,0.16,False,13,0,
T04244,NGO019,29965.81,6.44,14.34,0.18,False,11,0,
T04245,NGO019,8573.21,6.44,14.41,0.2,False,12,0,
T04246,NGO019,7074.61,7.68,15.6,0.14,False,14,0,
T04247,NGO019,13133.06,3.43,19.35,0.14,False,13,0,
T04248,NGO019,16812.32,9.27,19.72,0.16,False,14,0,
T04249,NGO019,10248.33,8.26,16.66,0.19,False,16,0,
T04250,NGO019,10945.97,3.71,17.43,0.17,False,7,0,
T04251,NGO019,16436.0,3.59,18.46,0.14,False,14,0,
T04252,NGO019,21273.69,5.18,13.47,0.21,False,15,0,
T04253,NGO019,8891.71,5.54,17.23,0.17,False,15,0,
T04254,NGO019,22949.41,5.98,17.56,0.2,False,12,0,
T04255,NGO019,18630.43,3.51,15.04,0.18,False,8,0,
T04256,NGO019,7783.53,2.96,17.2,0.17,False,18,0,
T04257,NGO019,7028.45,5.98,14.58,0.19,False,12,0,
T04258,NGO019,8080.01,5.99,14.79,0.16,False,7,0,
T04259,NGO019,18528.52,2.83,19.42,0.2,False,9,0,
T04260,NGO019,13850.49,5.76,19.39,0.13,False,9,0,
T04261,NGO019,17644.54,2.08,14.18,0.21,False,13,0,
T04262,NGO019,27215.64,7.99,16.69,0.17,False,15,0,
T04263,NGO019,40321.09,8.87,20.42,0.17,False,11,0,
T04264,NGO019,9274.83,4.88,11.72,0.17,False,14,0,
T04265,NGO019,27700.89,8.86,13.24,0.17,False,7,0,
T04266,NGO019,17556.18,3.36,14.15,0.17,False,20,0,
T04267,NGO019,18557.94,5.16,375.0,0.16,False,8,1,Unusually slow bill verification for this NGO (375h)
T04268,NGO019,14357.78,0.93,15.03,0.2,False,12,0,
T04269,NGO019,17316.17,4.19,9.47,0.18,False,13,0,
T04270,NGO019,30250.19,0.07,14.07,0.14,False,12,0,
T04271,NGO019,37168.46,9.02,20.29,0.19,False,8,0,
T04272,NGO019,13066.19,9.24,17.24,0.18,False,18,0,
T04273,NGO019,21190.13,6.09,18.07,0.18,False,6,0,
T04274,NGO019,18350.1,5.85,12.98,0.19,False,1,1,Disbursement created at unusual hour (1:00)
T04275,NGO019,51061.04,7.69,19.29,0.12,False,15,0,
T04276,NGO019,15696.06,2.93,15.32,0.17,False,14,0,
T04277,NGO019,11639.7,6.82,15.6,0.16,False,13,0,
T04278,NGO019,9628.06,8.02,19.43,0.19,False,6,0,
T04279,NGO019,7467.55,4.06,10.78,0.17,False,15,0,
T04280,NGO019,10961.3,10.57,16.48,0.17,False,8,0,
T04281,NGO019,9254.64,5.92,18.61,0.18,False,9,0,
T04282,NGO019,20767.58,7.49,18.93,0.2,False,13,0,
T04283,NGO019,10826.77,7.36,16.2,0.18,False,13,0,
T04284,NGO019,11877.58,3.61,16.98,0.18,False,9,0,
T04285,NGO019,35545.27,6.46,18.42,0.2,False,12,0,
T04286,NGO019,18538.43,4.15,19.53,0.22,False,13,0,
T04287,NGO019,20181.12,3.61,12.74,0.24,False,10,0,
T04288,NGO019,12410.81,6.84,21.69,0.17,False,14,0,
T04289,NGO019,19524.51,2.83,18.0,0.19,False,9,0,
T04290,NGO019,21310.5,7.09,17.17,0.19,False,11,0,
T04291,NGO019,10497.53,3.81,12.58,0.11,False,13,0,
T04292,NGO019,5565.94,6.3,18.66,0.14,False,14,0,
T04293,NGO019,11963.65,4.74,16.33,0.15,False,14,0,
T04294,NGO019,13171.77,8.35,20.1,0.11,False,17,0,
T04295,NGO019,30756.17,0.66,11.77,0.18,False,14,0,
T04296,NGO019,22720.87,2.81,10.86,0.2,False,11,0,
T04297,NGO019,19208.09,6.59,21.52,0.21,False,15,0,
T04298,NGO019,30814.49,4.7,17.36,0.17,False,14,0,
T04299,NGO019,11439.24,9.72,18.31,0.15,False,15,0,
T04300,NGO019,30243.34,5.88,13.46,0.17,False,10,0,
T04301,NGO019,22457.42,4.36,18.99,0.16,False,15,0,
T04302,NGO019,26299.16,5.9,16.19,0.19,False,10,0,
T04303,NGO019,34431.19,6.3,24.66,0.13,False,12,0,
T04304,NGO019,31142.71,13.77,18.57,0.12,False,13,0,
T04305,NGO019,9030.89,4.74,19.69,0.21,False,9,0,
T04306,NGO019,22807.33,8.02,19.49,0.16,False,15,0,
T04307,NGO019,19151.65,8.44,19.58,0.19,False,9,0,
T04308,NGO019,35770.34,6.36,17.12,0.24,False,13,0,
T04309,NGO019,10225.19,5.32,13.88,0.11,False,13,0,
T04310,NGO019,6219.49,6.65,18.53,0.14,False,8,0,
T04311,NGO019,25897.9,11.31,16.98,0.19,False,13,0,
T04312,NGO019,22335.46,6.91,11.39,0.18,False,11,0,
T04313,NGO019,12956.04,5.42,15.84,0.15,False,7,0,
T04314,NGO019,14660.36,6.13,13.62,0.13,False,12,0,
T04315,NGO019,12367.95,7.94,15.65,0.18,False,12,0,
T04316,NGO019,6049.94,0.62,19.06,0.12,False,1,1,Disbursement created at unusual hour (1:00)
T04317,NGO019,11038.84,5.45,14.21,0.13,False,5,0,
T04318,NGO019,11786.53,7.36,13.04,0.17,False,8,0,
T04319,NGO019,15605.51,3.63,10.59,0.15,False,10,0,
T04320,NGO019,10878.04,107.33,14.87,0.18,False,18,1,Donation sat unspent for 107 days before disbursement
T04321,NGO019,19945.22,3.54,19.59,0.19,False,15,0,
T04322,NGO019,7854.79,10.71,13.14,0.17,False,10,0,
T04323,NGO019,22376.71,4.43,15.58,0.18,False,13,0,
T04324,NGO019,11006.09,10.53,15.18,0.17,False,14,0,
T04325,NGO019,41717.86,51.64,15.05,0.18,False,5,1,Donation sat unspent for 52 days before disbursement
T04326,NGO019,32027.61,5.19,12.08,0.21,False,15,0,
T04327,NGO019,6758.38,7.99,16.94,0.14,False,16,0,
T04328,NGO019,6018.34,2.86,16.79,0.21,False,12,0,
T04329,NGO019,13666.38,2.81,17.59,0.19,False,14,0,
T04330,NGO019,23631.3,5.6,21.3,0.18,False,14,0,
T04331,NGO019,30322.9,5.57,22.55,0.19,False,12,0,
T04332,NGO019,8435.71,9.17,17.35,0.14,False,17,0,
T04333,NGO019,28917.39,7.61,16.68,0.21,False,17,0,
T04334,NGO019,9145.44,1.61,20.06,0.22,False,6,0,
T04335,NGO019,12702.58,6.94,20.0,0.11,False,13,0,
T04336,NGO019,16841.01,6.4,14.89,0.14,False,16,0,
T04337,NGO019,23582.69,4.54,16.11,0.18,False,13,0,
T04338,NGO019,19417.51,4.12,19.22,0.19,False,9,0,
T04339,NGO020,13084.87,6.76,41.55,0.18,False,14,0,
T04340,NGO020,20759.82,6.82,35.97,0.22,False,16,0,
T04341,NGO020,20032.76,6.69,34.23,0.2,False,11,0,
T04342,NGO020,27906.77,9.83,42.73,0.24,False,12,0,
T04343,NGO020,16517.78,5.25,40.63,0.19,False,12,0,
T04344,NGO020,34758.09,11.6,34.04,0.22,False,11,0,
T04345,NGO020,16506.61,8.29,38.17,0.24,False,18,0,
T04346,NGO020,22261.32,9.47,38.8,0.19,False,10,0,
T04347,NGO020,12560.76,9.81,36.69,0.18,False,15,0,
T04348,NGO020,6594.59,8.25,35.85,0.18,False,5,0,
T04349,NGO020,14553.64,3.67,36.78,0.13,False,11,0,
T04350,NGO020,15608.35,5.85,32.81,0.22,False,15,0,
T04351,NGO020,17380.26,12.69,34.96,0.18,False,12,0,
T04352,NGO020,15786.02,1.76,44.55,0.23,False,17,0,
T04353,NGO020,29809.7,10.83,29.92,0.23,False,18,0,
T04354,NGO020,11761.78,2.19,35.96,0.2,False,9,0,
T04355,NGO020,3127.5,4.19,35.04,0.23,False,12,0,
T04356,NGO020,15491.69,4.12,37.93,0.22,False,13,0,
T04357,NGO020,7131.28,67.15,47.28,0.21,False,13,1,Donation sat unspent for 67 days before disbursement
T04358,NGO020,37320.72,9.65,38.62,0.17,False,14,0,
T04359,NGO020,10618.16,0.9,36.46,0.22,False,8,0,
T04360,NGO020,33245.86,12.71,33.9,0.15,False,8,0,
T04361,NGO020,27199.53,5.37,35.3,0.19,False,12,0,
T04362,NGO020,13105.6,3.06,39.15,0.23,False,13,0,
T04363,NGO020,21008.95,6.63,38.7,0.19,False,14,0,
T04364,NGO020,7640.17,1.31,37.6,0.17,False,15,0,
T04365,NGO020,36350.27,2.67,36.55,0.2,False,14,0,
T04366,NGO020,8015.79,5.03,43.4,0.22,False,10,0,
T04367,NGO020,9415.89,8.1,41.65,0.25,False,14,0,
T04368,NGO020,24866.71,9.8,32.93,0.17,False,12,0,
T04369,NGO020,12184.89,7.3,38.25,0.19,False,17,0,
T04370,NGO020,39098.75,11.88,41.1,0.22,False,19,0,
T04371,NGO020,8879.93,4.6,38.2,0.2,False,12,0,
T04372,NGO020,44128.94,6.4,42.32,0.22,False,15,0,
T04373,NGO020,65473.36,10.09,33.21,0.2,False,10,0,
T04374,NGO020,9805.12,6.74,38.76,0.23,False,0,1,Disbursement created at unusual hour (0:00)
T04375,NGO020,5573.33,1.52,37.98,0.18,False,14,0,
T04376,NGO020,9489.04,4.12,35.83,0.2,False,12,0,
T04377,NGO020,98497.52,2.72,40.88,0.18,False,12,0,
T04378,NGO020,17475.79,4.94,35.68,0.15,False,14,0,
T04379,NGO020,22143.3,5.16,173.02,0.19,False,11,1,Unusually slow bill verification for this NGO (173h)
T04380,NGO020,15000.0,4.59,35.57,0.15,True,13,1,"Round-number amount, possible structuring"
T04381,NGO020,25952.27,6.65,37.18,0.19,False,15,0,
T04382,NGO020,15549.45,9.95,34.29,0.15,False,15,0,
T04383,NGO020,13949.52,9.03,33.59,0.26,False,13,0,
T04384,NGO020,25729.08,6.08,34.88,0.16,False,6,0,
T04385,NGO020,7277.44,10.71,38.25,0.23,False,14,0,
T04386,NGO020,9798.3,7.53,39.32,0.22,False,13,0,
T04387,NGO020,20082.53,8.49,41.0,0.21,False,17,0,
T04388,NGO020,30407.06,7.53,40.34,0.19,False,15,0,
T04389,NGO020,8364.61,2.42,33.83,0.23,False,13,0,
T04390,NGO020,26517.27,5.33,35.37,0.25,False,10,0,
T04391,NGO020,24623.65,5.32,38.08,0.19,False,10,0,
T04392,NGO020,20306.77,0.89,38.79,0.23,False,11,0,
T04393,NGO020,49230.74,6.42,34.53,0.17,False,11,0,
T04394,NGO020,18511.72,5.47,37.98,0.17,False,11,0,
T04395,NGO020,12615.29,2.96,32.45,0.25,False,11,0,
T04396,NGO020,5539.15,4.76,39.28,0.21,False,11,0,
T04397,NGO020,23488.72,8.53,37.92,0.17,False,12,0,
T04398,NGO020,12525.88,3.1,36.47,0.2,False,15,0,
T04399,NGO020,16659.87,7.18,42.19,0.2,False,13,0,
T04400,NGO020,8413.89,7.86,37.32,0.22,False,11,0,
T04401,NGO020,7512.16,4.96,36.23,0.22,False,12,0,
T04402,NGO020,30365.97,4.14,35.92,0.22,False,21,0,
T04403,NGO020,11197.87,6.83,33.33,0.22,False,17,0,
T04404,NGO020,14304.59,5.98,35.02,0.19,False,11,0,
T04405,NGO020,14540.91,8.99,35.38,0.23,False,12,0,
T04406,NGO020,15524.97,4.94,40.19,0.2,False,11,0,
T04407,NGO020,17928.44,6.77,39.14,0.22,False,10,0,
T04408,NGO020,44403.87,6.37,37.38,0.3,False,16,0,
T04409,NGO020,24857.63,6.7,30.34,0.18,False,9,0,
T04410,NGO020,30932.78,6.78,39.43,0.23,False,14,0,
T04411,NGO020,18506.9,4.06,34.79,0.19,False,3,0,
T04412,NGO020,43208.29,5.81,41.06,0.19,False,13,0,
T04413,NGO020,14311.98,8.32,31.72,0.21,False,12,0,
T04414,NGO020,13533.36,5.75,33.07,0.2,False,14,0,
T04415,NGO020,22138.8,8.68,35.94,0.17,False,11,0,
T04416,NGO020,7890.54,7.0,34.88,0.21,False,9,0,
T04417,NGO020,11679.47,8.84,36.02,0.18,False,12,0,
T04418,NGO020,4897.67,7.9,32.51,0.23,False,4,1,Disbursement created at unusual hour (4:00)
T04419,NGO020,55477.39,7.63,35.64,0.21,False,14,0,
T04420,NGO020,7544.2,7.48,35.21,0.19,False,15,0,
T04421,NGO020,29563.31,11.46,35.18,0.17,False,12,0,
T04422,NGO020,26452.66,5.83,39.31,0.23,False,12,0,
T04423,NGO020,29959.58,0.76,37.17,0.19,False,14,0,
T04424,NGO020,6521.87,3.67,32.74,0.23,False,11,0,
T04425,NGO020,21633.61,6.52,34.35,0.19,False,16,0,
T04426,NGO020,49591.99,6.46,40.07,0.21,False,9,0,
T04427,NGO020,22203.85,5.83,33.64,0.21,False,8,0,
T04428,NGO020,13726.12,8.6,41.41,0.12,False,12,0,
T04429,NGO020,14154.71,4.41,38.47,0.22,False,13,0,
T04430,NGO020,17586.97,4.65,36.46,0.2,False,20,0,
T04431,NGO020,18470.56,5.88,32.16,0.17,False,12,0,
T04432,NGO020,28005.76,2.79,40.16,0.22,False,11,0,
T04433,NGO020,10844.98,2.74,39.7,0.22,False,9,0,
T04434,NGO020,17892.61,2.22,37.19,0.22,False,14,0,
T04435,NGO020,5455.66,0.03,35.95,0.2,False,11,1,Disbursed within hours of donation arriving
T04436,NGO020,16209.25,8.84,38.07,0.17,False,14,0,
T04437,NGO020,18927.85,4.31,33.79,0.2,False,13,0,
T04438,NGO020,18719.5,3.72,38.01,0.21,False,13,0,
T04439,NGO020,21329.44,5.84,43.57,0.19,False,17,0,
T04440,NGO020,7747.6,6.82,44.12,0.23,False,8,0,
T04441,NGO020,20090.17,6.41,33.83,0.28,False,11,0,
T04442,NGO020,20718.63,0.4,36.18,0.19,False,12,0,
T04443,NGO020,29743.39,4.18,35.57,0.17,False,13,0,
T04444,NGO020,11003.27,6.68,37.9,0.18,False,11,0,
T04445,NGO020,16389.03,6.06,32.72,0.2,False,13,0,
T04446,NGO020,33977.77,1.02,36.35,0.25,False,14,0,
T04447,NGO020,32330.81,6.05,37.56,0.17,False,16,0,
T04448,NGO020,9478.0,3.89,373.52,0.21,False,12,1,Unusually slow bill verification for this NGO (374h)
T04449,NGO020,7858.36,6.14,39.22,0.21,False,8,0,
T04450,NGO020,10834.65,7.55,39.28,0.17,False,8,0,
T04451,NGO020,12374.12,4.97,38.71,0.2,False,13,0,
T04452,NGO020,15058.23,2.75,38.42,0.2,False,12,0,
T04453,NGO020,18931.3,6.48,34.52,0.14,False,7,0,
T04454,NGO020,14382.47,4.71,39.97,0.19,False,15,0,
T04455,NGO020,9802.41,6.42,36.98,0.2,False,12,0,
T04456,NGO020,29964.62,5.32,33.57,0.18,False,2,1,Disbursement created at unusual hour (2:00)
T04457,NGO020,27686.97,5.84,33.29,0.83,False,11,1,NGO has unusually high pending/unverified disbursement ratio (83%)
T04458,NGO020,12487.57,4.95,42.63,0.2,False,12,0,
T04459,NGO020,17729.22,5.06,34.86,0.2,False,14,0,
T04460,NGO020,27612.66,4.12,35.75,0.24,False,12,0,
T04461,NGO020,21706.33,6.23,34.47,0.27,False,15,0,
T04462,NGO020,22114.66,6.13,40.37,0.28,False,13,0,
T04463,NGO020,22608.16,7.55,39.2,0.23,False,16,0,
T04464,NGO020,14326.68,7.28,32.75,0.22,False,15,0,
T04465,NGO020,24609.41,8.75,35.94,0.25,False,15,0,
T04466,NGO020,17489.15,6.79,41.03,0.14,False,13,0,
T04467,NGO020,71461.77,7.28,37.69,0.2,False,16,0,
T04468,NGO020,68609.48,9.23,32.96,0.25,False,18,0,
T04469,NGO020,11895.15,3.5,41.52,0.21,False,8,0,
T04470,NGO020,13713.9,3.42,42.6,0.22,False,10,0,
T04471,NGO020,5602.16,6.27,38.67,0.2,False,16,0,
T04472,NGO020,7678.59,6.83,34.57,0.2,False,15,0,
T04473,NGO020,7576.12,11.37,32.82,0.23,False,10,0,
T04474,NGO020,5228.47,9.79,32.86,0.18,False,10,0,
T04475,NGO020,14396.37,10.73,39.06,0.2,False,14,0,
T04476,NGO020,11193.69,7.24,37.66,0.18,False,16,0,
T04477,NGO020,13264.78,5.74,40.3,0.23,False,13,0,
T04478,NGO020,31407.33,9.18,34.56,0.23,False,12,0,
T04479,NGO020,16198.27,0.01,39.3,0.23,False,11,0,
T04480,NGO020,13303.83,14.71,33.49,0.26,False,10,0,
T04481,NGO020,34673.15,10.7,35.16,0.16,False,9,0,
T04482,NGO020,12764.84,2.5,35.88,0.14,False,8,0,
T04483,NGO020,19849.97,3.33,37.99,0.21,False,13,0,
T04484,NGO020,11400.27,9.9,35.85,0.2,False,14,0,
T04485,NGO020,8839.15,3.61,35.75,0.18,False,13,0,
T04486,NGO020,17065.19,4.41,37.22,0.21,False,15,0,
T04487,NGO020,17677.35,5.96,33.86,0.18,False,13,0,
T04488,NGO020,9701.71,6.42,37.38,0.18,False,13,0,
T04489,NGO020,17825.45,10.02,37.9,0.22,False,15,0,
T04490,NGO020,7540.49,86.14,35.44,0.2,False,14,1,Donation sat unspent for 86 days before disbursement
T04491,NGO020,20393.47,2.05,48.54,0.24,False,16,0,
T04492,NGO020,12901.23,1.13,35.87,0.19,False,14,0,
T04493,NGO020,27522.03,6.85,40.93,0.27,False,13,0,
T04494,NGO020,34573.6,5.98,35.18,0.22,False,14,0,
T04495,NGO020,12836.2,4.72,40.79,0.18,False,12,0,
T04496,NGO020,13634.14,1.63,37.48,0.18,False,12,0,
T04497,NGO020,18794.91,3.71,37.6,0.17,False,12,0,
T04498,NGO020,9451.32,8.12,40.96,0.23,False,15,0,
T04499,NGO020,27264.36,10.58,33.92,0.17,False,17,0,
T04500,NGO020,22233.79,5.61,33.69,0.23,False,12,0,
T04501,NGO020,11062.5,5.15,35.72,0.17,False,11,0,
T04502,NGO020,18124.75,6.92,33.73,0.25,False,10,0,
T04503,NGO020,19902.22,6.88,36.48,0.24,False,13,0,
T04504,NGO020,5551.55,7.23,31.36,0.2,False,11,0,
T04505,NGO020,13838.74,5.21,34.51,0.16,False,9,0,
T04506,NGO020,7176.01,4.52,35.23,0.15,False,9,0,
T04507,NGO020,66945.63,8.6,30.93,0.24,False,10,0,
T04508,NGO020,9800.51,8.41,36.63,0.21,False,10,0,
T04509,NGO020,10383.4,8.83,34.16,0.24,False,13,0,
T04510,NGO020,11758.88,6.39,34.18,0.19,False,13,0,
T04511,NGO020,22186.72,6.31,33.68,0.92,False,17,1,NGO has unusually high pending/unverified disbursement ratio (92%)
T04512,NGO020,7649.11,5.69,39.55,0.2,False,15,0,
T04513,NGO020,9684.03,4.61,37.37,0.24,False,14,0,
T04514,NGO020,18303.54,4.56,39.88,0.23,False,16,0,
T04515,NGO020,6888.07,3.21,37.65,0.18,False,13,0,
T04516,NGO020,17695.33,7.03,37.14,0.19,False,15,0,
T04517,NGO020,45850.29,7.6,40.18,0.23,False,12,0,
T04518,NGO020,10672.56,3.79,37.05,0.22,False,8,0,
T04519,NGO020,6029.35,3.57,34.54,0.26,False,8,0,
T04520,NGO020,20316.82,4.47,37.73,0.21,False,13,0,
T04521,NGO020,37676.72,11.01,37.28,0.22,False,13,0,
T04522,NGO020,21256.6,6.6,35.96,0.79,False,13,1,NGO has unusually high pending/unverified disbursement ratio (79%)
T04523,NGO020,11585.71,8.52,35.11,0.2,False,17,0,
T04524,NGO020,9429.66,1.27,33.57,0.15,False,8,0,
T04525,NGO020,15972.18,5.09,35.58,0.21,False,11,0,
T04526,NGO020,11125.74,6.49,38.84,0.25,False,20,0,
T04527,NGO020,17808.94,9.83,35.59,0.19,False,9,0,
